_id;title;published_at;timestamp;;;;;;;;;;;;;;;;;;;;;;;;;;;;;;;;;;;;;;;;;;;;;;;;;;
5eaeed52d1ce1048f0a0b70d;Hopes ride high on Gileads <b>remdesivir</b> as breakthrough Coronavirus drug;2020-03-24T07:15:07;"2020-03-23 09:56:50,216 ;";;;;;;;;;;;;;;;;;;;;;;;;;;;;;;;;;;;;;;;;;;;;;;;;;;
5eaeed52d1ce1048f0a0b70c;<b>Remdesivir</b> could be promising drug candidate to treat coronavirus;2020-03-25T14:41:54;"2020-03-23 20:41:09,253 ;";;;;;;;;;;;;;;;;;;;;;;;;;;;;;;;;;;;;;;;;;;;;;;;;;;
5eaeed52d1ce1048f0a0b70b;Gilead to withdraw Orphan Drug tag for <b>remdesivir</b>  shares down 3%;2020-03-25T17:24:29;"2020-03-27 23:38:53,531 ;";;;;;;;;;;;;;;;;;;;;;;;;;;;;;;;;;;;;;;;;;;;;;;;;;;
5eaeed52d1ce1048f0a0b70a;Gilead's <b>Remdesivir</b> Can Be A Game Changer;2020-03-25T19:33:07;"2020-03-27 23:38:53,531 ;";;;;;;;;;;;;;;;;;;;;;;;;;;;;;;;;;;;;;;;;;;;;;;;;;;
5eaeed52d1ce1048f0a0b709;What The First 12 U.S. COVID-19 Patients Tell Us About <b>Remdesivir</b> (NASDAQ:GILD);2020-03-25T21:24:22;"2020-03-30 05:46:16,195 ; ";;;;;;;;;;;;;;;;;;;;;;;;;;;;;;;;;;;;;;;;;;;;;;;;;;
5eaeed52d1ce1048f0a0b708;Gilead's <b>Remdesivir</b> Trials Are A Complete Gamble;2020-03-27T14:02:15;"2020-04-02 13:07:12,163 ;";;;;;;;;;;;;;;;;;;;;;;;;;;;;;;;;;;;;;;;;;;;;;;;;;;
5eaeed52d1ce1048f0a0b707;Malaysia chosen to test <b>Remdesivir</b> medicine to treat Covid-19 patients;2020-03-27T16:21:42;"2020-04-06 09:11:47,424 ;";;;;;;;;;;;;;;;;;;;;;;;;;;;;;;;;;;;;;;;;;;;;;;;;;;
5eaeed52d1ce1048f0a0b706;Experimental coronavirus treatment using antiviral <b>remdesivir</b> expanded by developer Gilead;2020-03-30T12:25:38;"2020-04-06 13:17:11,411 ;";;;;;;;;;;;;;;;;;;;;;;;;;;;;;;;;;;;;;;;;;;;;;;;;;;
5eaeed52d1ce1048f0a0b705;Coronavirus pandemic| Under pressure  Gilead says will try to make <b>remdesivir</b> affordable;2020-03-31T02:33:54;"2020-04-07 16:12:32,522 ;";;;;;;;;;;;;;;;;;;;;;;;;;;;;;;;;;;;;;;;;;;;;;;;;;;
5eaeed52d1ce1048f0a0b704;Gilead Sciences launches two <b>remdesivir</b> studies in UK (NASDAQ:GILD);2020-04-01T11:57:08;"2020-04-09 15:53:28,905 ;";;;;;;;;;;;;;;;;;;;;;;;;;;;;;;;;;;;;;;;;;;;;;;;;;;
5eaeed52d1ce1048f0a0b703;Families try to Gileads drug <b>remdesivir</b>;2020-04-01T15:11:03;"2020-04-13 15:19:06,530 ;";;;;;;;;;;;;;;;;;;;;;;;;;;;;;;;;;;;;;;;;;;;;;;;;;;
5eaeed52d1ce1048f0a0b702;EMA recommends compassionate use of Gilead's <b>remdesivir</b> for COVID-19;2020-04-03T13:18:53;"2020-04-14 07:00:46,869 ;";;;;;;;;;;;;;;;;;;;;;;;;;;;;;;;;;;;;;;;;;;;;;;;;;;
5eaeed52d1ce1048f0a0b701;Chemistry World;2020-04-03T14:58:13;"2020-04-14 07:00:46,869 ;";;;;;;;;;;;;;;;;;;;;;;;;;;;;;;;;;;;;;;;;;;;;;;;;;;
5eaeed52d1ce1048f0a0b700;Family 34-year-old in 2-week coma with COVID-19 fights for <b>remdesivir</b>;2020-04-03T17:57:00;"2020-04-14 22:06:52,406 ;";;;;;;;;;;;;;;;;;;;;;;;;;;;;;;;;;;;;;;;;;;;;;;;;;;
5eaeed52d1ce1048f0a0b6ff;Gilead's <b>remdesivir</b> OK'd in Europe for compassionate use in COVID-19 (NASDAQ:GILD);2020-04-03T18:31:16;"2020-04-15 13:08:42,509 ;";;;;;;;;;;;;;;;;;;;;;;;;;;;;;;;;;;;;;;;;;;;;;;;;;;
5eaeed52d1ce1048f0a0b6fe;Gilead Sciences Stops Accepting Emergency-Use Applications for <b>Remdesivir</b>;2020-04-04T13:44:00;"2020-04-15 18:29:21,330 ;";;;;;;;;;;;;;;;;;;;;;;;;;;;;;;;;;;;;;;;;;;;;;;;;;;
5eaeed52d1ce1048f0a0b6fd;Gilead to Donate Experimental Coronavirus Drug <b>Remdesivir</b>;2020-04-05T00:52:36;"2020-04-15 18:29:21,330 ;";;;;;;;;;;;;;;;;;;;;;;;;;;;;;;;;;;;;;;;;;;;;;;;;;;
5eaeed52d1ce1048f0a0b6fc;Gilead ramps up <b>remdesivir</b> production ahead of approvals (NASDAQ:GILD);2020-04-05T02:00:29;"2020-04-16 11:09:14,669 ;";;;;;;;;;;;;;;;;;;;;;;;;;;;;;;;;;;;;;;;;;;;;;;;;;;
5eaeed52d1ce1048f0a0b6fb;Gilead And The Economics Of <b>Remdesivir</b> (NASDAQ:GILD);2020-04-06T08:49:23;"2020-04-16 23:40:17,990 ;";;;;;;;;;;;;;;;;;;;;;;;;;;;;;;;;;;;;;;;;;;;;;;;;;;
5eaeed52d1ce1048f0a0b6fa;1.5 Million Doses of Experimental Coronavirus Drug <b>Remdesivir</b> Donated by Biotech Firm Gilead;2020-04-06T09:18:09;"2020-04-17 15:18:17,027 ;";;;;;;;;;;;;;;;;;;;;;;;;;;;;;;;;;;;;;;;;;;;;;;;;;;
5eaeed52d1ce1048f0a0b6f9;COVID-19 Patients Sign Up for <b>Remdesivir</b> Drug Studies;2020-04-06T11:26:28;;;;;;;;;;;;;;;;;;;;;;;;;;;;;;;;;;;;;;;;;;;;;;;;;;;
5eaeed52d1ce1048f0a0b6f8;EMA Recommends <b>Remdesivir</b> for Treatment of COVID-19 Under Compassionate-Use Rules;2020-04-06T13:51:00;;;;;;;;;;;;;;;;;;;;;;;;;;;;;;;;;;;;;;;;;;;;;;;;;;;
5eaeed52d1ce1048f0a0b6f7;Gilead To Donate 1.5 Mln Doses Of Investigational COVID-19 Drug <b>Remdesivir</b>;2020-04-06T13:53:35;;;;;;;;;;;;;;;;;;;;;;;;;;;;;;;;;;;;;;;;;;;;;;;;;;;
5eaeed52d1ce1048f0a0b6f6;Rush Testing <b>Remdesivir</b> as a Potential Treatment for COVID-19;2020-04-06T16:05:58;;;;;;;;;;;;;;;;;;;;;;;;;;;;;;;;;;;;;;;;;;;;;;;;;;;
5eaeed52d1ce1048f0a0b6f5;Gilead Sciences Pins Its Hopes and GILD Stock on <b>Remdesivir</b>;2020-04-07T10:00:37;;;;;;;;;;;;;;;;;;;;;;;;;;;;;;;;;;;;;;;;;;;;;;;;;;;
5eaeed52d1ce1048f0a0b6f4;Baird analyst on why he's skeptical about Gilead's <b>Remdesivir</b> clinical studies;2020-04-07T20:01:00;;;;;;;;;;;;;;;;;;;;;;;;;;;;;;;;;;;;;;;;;;;;;;;;;;;
5eaeed51d1ce1048f0a0b6f3;Has There Been A Clue On Gilead's <b>Remdesivir</b>? (NASDAQ:GILD);2020-04-08T05:59:31;;;;;;;;;;;;;;;;;;;;;;;;;;;;;;;;;;;;;;;;;;;;;;;;;;;
5eaeed51d1ce1048f0a0b6f2;Good News for <b>Remdesivir</b> is Good News for Gilead (GILD) Stock;2020-04-08T14:26:56;;;;;;;;;;;;;;;;;;;;;;;;;;;;;;;;;;;;;;;;;;;;;;;;;;;
5eaeed51d1ce1048f0a0b6f1;COVID-19 Daily: <b>Remdesivir</b> Data Published  World Leader Recovers;2020-04-11T00:00:00;;;;;;;;;;;;;;;;;;;;;;;;;;;;;;;;;;;;;;;;;;;;;;;;;;;
5eaeed51d1ce1048f0a0b6f0;<b>Remdesivir</b> shows promise in preliminary coronavirus trial;2020-04-11T01:59:14;;;;;;;;;;;;;;;;;;;;;;;;;;;;;;;;;;;;;;;;;;;;;;;;;;;
5eaeed51d1ce1048f0a0b6ef;Experimental coronavirus drug <b>remdesivir</b> is showing early promise  research says;2020-04-11T15:03:49;;;;;;;;;;;;;;;;;;;;;;;;;;;;;;;;;;;;;;;;;;;;;;;;;;;
5eaeed51d1ce1048f0a0b6ee;Coronavirus Drug Side Effects: What To Know About Hydroxychloroquine  <b>Remdesivir</b>;2020-04-12T20:38:58;;;;;;;;;;;;;;;;;;;;;;;;;;;;;;;;;;;;;;;;;;;;;;;;;;;
5eaeed51d1ce1048f0a0b6ed;Initial study of <b>remdesivir</b>  an antiviral drug  shows that two-thirds of severe COVID-19 patients got better;2020-04-13T08:55:19;;;;;;;;;;;;;;;;;;;;;;;;;;;;;;;;;;;;;;;;;;;;;;;;;;;
5eaeed51d1ce1048f0a0b6ec;New Data On Gileads Covid-19 Drug Is Positive  but Inconclusive;2020-04-13T13:41:00;;;;;;;;;;;;;;;;;;;;;;;;;;;;;;;;;;;;;;;;;;;;;;;;;;;
5eaeed51d1ce1048f0a0b6eb;Antiviral Drug <b>Remdesivir</b> May be Effective in Stopping Replication of Coronavirus: ICMR;2020-04-14T02:26:41;;;;;;;;;;;;;;;;;;;;;;;;;;;;;;;;;;;;;;;;;;;;;;;;;;;
5eaeed51d1ce1048f0a0b6ea;68% of patients showed clinical improvement using Gilead's <b>Remdesivir</b> in 'compassionate use';2020-04-13T15:04:00;;;;;;;;;;;;;;;;;;;;;;;;;;;;;;;;;;;;;;;;;;;;;;;;;;;
5eaeed51d1ce1048f0a0b6e9;Gilead Analysts Break Down <b>Remdesivir</b> Data Readout From Compassionate Use;2020-04-13T20:05:57;;;;;;;;;;;;;;;;;;;;;;;;;;;;;;;;;;;;;;;;;;;;;;;;;;;
5eaeed51d1ce1048f0a0b6e8;Antiviral drug <b>remdesivir</b> may be effective in stopping replication of coronavirus: ICMR;2020-04-13T20:17:23;;;;;;;;;;;;;;;;;;;;;;;;;;;;;;;;;;;;;;;;;;;;;;;;;;;
5eaeed51d1ce1048f0a0b6e7;<b>remdesivir</b>: ICMR may use ebola meds to fight coronavirus pandemic  CFO News  ETCFO;2020-04-14T12:22:00;;;;;;;;;;;;;;;;;;;;;;;;;;;;;;;;;;;;;;;;;;;;;;;;;;;
5eaeed51d1ce1048f0a0b6e6;ICMR may use <b>remdesivir</b> if local companies can manufacture it;2020-04-14T04:54:00;;;;;;;;;;;;;;;;;;;;;;;;;;;;;;;;;;;;;;;;;;;;;;;;;;;
5eaeed51d1ce1048f0a0b6e5;<b>Remdesivir</b> Success Will Trigger BioCryst Surge (NASDAQ:BCRX);2020-04-14T14:49:40;;;;;;;;;;;;;;;;;;;;;;;;;;;;;;;;;;;;;;;;;;;;;;;;;;;
5eaeed51d1ce1048f0a0b6e4;Ebola antiviral drug <b>remdesivir</b> might be highly effective in stopping replication of Coronavirus: ICMR;2020-04-15T04:03:55;;;;;;;;;;;;;;;;;;;;;;;;;;;;;;;;;;;;;;;;;;;;;;;;;;;
5eaeed51d1ce1048f0a0b6e3;Gilead: New Study Of <b>Remdesivir</b> Shows Promise (NASDAQ:GILD);2020-04-14T16:34:00;;;;;;;;;;;;;;;;;;;;;;;;;;;;;;;;;;;;;;;;;;;;;;;;;;;
5eaeed51d1ce1048f0a0b6e2;Gilead down 3% premarket on suspension of second <b>remdesivir</b> study in China (NASDAQ:GILD);2020-04-15T12:58:58;;;;;;;;;;;;;;;;;;;;;;;;;;;;;;;;;;;;;;;;;;;;;;;;;;;
5eaeed51d1ce1048f0a0b6e1;Gilead's stock drops after China halts second <b>remdesivir</b> trial;2020-04-15T16:27:58.343;;;;;;;;;;;;;;;;;;;;;;;;;;;;;;;;;;;;;;;;;;;;;;;;;;;
5eaeed51d1ce1048f0a0b6e0;Gilead Sciences Slides After Coronavirus Trial Halted in China;2020-04-15T18:14:45;;;;;;;;;;;;;;;;;;;;;;;;;;;;;;;;;;;;;;;;;;;;;;;;;;;
5eaeed51d1ce1048f0a0b6df;Dr Reddy's Lab Not Producing Antiviral Drug <b>Remdesivir</b> Amid Coronavirus  Says MD;2020-04-16T07:36:16;;;;;;;;;;;;;;;;;;;;;;;;;;;;;;;;;;;;;;;;;;;;;;;;;;;
5eaeed51d1ce1048f0a0b6de;Dr Reddys working on generic version of <b>remdesivir</b>: Report;2020-04-16T11:12:52;;;;;;;;;;;;;;;;;;;;;;;;;;;;;;;;;;;;;;;;;;;;;;;;;;;
5eaeed51d1ce1048f0a0b6dd;<b>Remdesivir</b>: Covid-19 patients recovering quickly after getting experimental drug;2020-04-17T00:48:45;;;;;;;;;;;;;;;;;;;;;;;;;;;;;;;;;;;;;;;;;;;;;;;;;;;
5eaeed51d1ce1048f0a0b6dc;Early data on Gilead coronavirus medicine <b>remdesivir</b> is very encouraging;2020-04-16T20:38:30;;;;;;;;;;;;;;;;;;;;;;;;;;;;;;;;;;;;;;;;;;;;;;;;;;;
5eaeed51d1ce1048f0a0b6db;Gilead up 6% after hours on <b>remdesivir</b> buzz in COVID-19 (NASDAQ:GILD);2020-04-16T20:47:59;;;;;;;;;;;;;;;;;;;;;;;;;;;;;;;;;;;;;;;;;;;;;;;;;;;
5eaeed51d1ce1048f0a0b6da;Gilead's <b>Remdesivir</b> trial sees rapid recoveries in early data;2020-04-16T21:00:00;;;;;;;;;;;;;;;;;;;;;;;;;;;;;;;;;;;;;;;;;;;;;;;;;;;
5eaeed51d1ce1048f0a0b6d9;Stat News: Gilead's <b>remdesivir</b> treats coronavirus patients;2020-04-16T21:03:34;;;;;;;;;;;;;;;;;;;;;;;;;;;;;;;;;;;;;;;;;;;;;;;;;;;
5eaeed51d1ce1048f0a0b6d8;Gilead up on positive early data on <b>Remdesivir</b> and coronavirus;2020-04-16T21:21:00;;;;;;;;;;;;;;;;;;;;;;;;;;;;;;;;;;;;;;;;;;;;;;;;;;;
5eaeed51d1ce1048f0a0b6d7;Maybe coronavirus medicine <b>remdesivir</b> works on markets too?;2020-04-16T21:43:05;;;;;;;;;;;;;;;;;;;;;;;;;;;;;;;;;;;;;;;;;;;;;;;;;;;
5eaeed51d1ce1048f0a0b6d6;Gileads Coronavirus Wonder-Drug <b>Remdesivir</b> Is Masking A Board Contagion;2020-04-16T22:24:55;;;;;;;;;;;;;;;;;;;;;;;;;;;;;;;;;;;;;;;;;;;;;;;;;;;
5eaeed51d1ce1048f0a0b6d5;Gilead Sees Promising Results in Study of <b>Remdesivir</b> Treatment for COVID-19 Patients: Report;2020-04-16T23:09:12;;;;;;;;;;;;;;;;;;;;;;;;;;;;;;;;;;;;;;;;;;;;;;;;;;;
5eaeed51d1ce1048f0a0b6d4;Gilead Sciences  Inc. (NASDAQ:GILD)  Abbott Laboratories (NYSE:ABT);2020-04-16T23:10:09;;;;;;;;;;;;;;;;;;;;;;;;;;;;;;;;;;;;;;;;;;;;;;;;;;;
5eaeed51d1ce1048f0a0b6d3;Gilead's coronavirus drug <b>remdesivir</b> shows progress in monkeys;2020-04-17T00:00:00;;;;;;;;;;;;;;;;;;;;;;;;;;;;;;;;;;;;;;;;;;;;;;;;;;;
5eaeed51d1ce1048f0a0b6d2;Former FDA Commissioner Says Gilead's <b>Remdesivir</b> Could Have Enough Data For Emergency Use Authorization;2020-04-17T13:16:50;;;;;;;;;;;;;;;;;;;;;;;;;;;;;;;;;;;;;;;;;;;;;;;;;;;
5eaeed51d1ce1048f0a0b6d1;What is <b>remdesivir</b>? Data shows Gilead COVID-19 drug may work;2020-04-17T01:50:29;;;;;;;;;;;;;;;;;;;;;;;;;;;;;;;;;;;;;;;;;;;;;;;;;;;
5eaeed51d1ce1048f0a0b6d0;Report: Gilead experimental drug <b>remdesivir</b> helping some Covid-19 patients to recover quickly;2020-04-17T02:47:57;;;;;;;;;;;;;;;;;;;;;;;;;;;;;;;;;;;;;;;;;;;;;;;;;;;
5eaeed51d1ce1048f0a0b6cf;Coronavirus Treatment: Gilead's <b>Remdesivir</b> Caused 'Rapid Recoveries' In Patients Treated With Drug;2020-04-17T02:48:03;;;;;;;;;;;;;;;;;;;;;;;;;;;;;;;;;;;;;;;;;;;;;;;;;;;
5eaeed51d1ce1048f0a0b6ce;Why it's too soon to know if <b>remdesivir</b> is effective;2020-04-17T15:27:09;;;;;;;;;;;;;;;;;;;;;;;;;;;;;;;;;;;;;;;;;;;;;;;;;;;
5eaeed51d1ce1048f0a0b6cd;Gilead Sciences <b>Remdesivir</b> Data Release Brings Much Needed Relief for Patients and Investors;2020-04-17T09:43:00;;;;;;;;;;;;;;;;;;;;;;;;;;;;;;;;;;;;;;;;;;;;;;;;;;;
5eaeed51d1ce1048f0a0b6cc;What is <b>remdesivir</b>? Gilead Sciences drug reportedly shows promise treating coronavirus;2020-04-17T22:16:31;;;;;;;;;;;;;;;;;;;;;;;;;;;;;;;;;;;;;;;;;;;;;;;;;;;
5eaeed51d1ce1048f0a0b6cb;Former FDA chief Gottlieb explains the potential of Gilead's Covid-19 treatment;2020-04-17T10:44:00;;;;;;;;;;;;;;;;;;;;;;;;;;;;;;;;;;;;;;;;;;;;;;;;;;;
5eaeed51d1ce1048f0a0b6ca;Gilead drug <b>Remdesivir</b>: Investors should be cautious  analysts says;2020-04-17T11:16:25;;;;;;;;;;;;;;;;;;;;;;;;;;;;;;;;;;;;;;;;;;;;;;;;;;;
5eaeed51d1ce1048f0a0b6c9;The Daily Biotech Pulse: Moderna Secures $483M In BARDA Funding  Gilead <b>Remdesivir</b> Data  Veracyte's Positive Pre-Announcement;2020-04-17T11:35:23;;;;;;;;;;;;;;;;;;;;;;;;;;;;;;;;;;;;;;;;;;;;;;;;;;;
5eaeed51d1ce1048f0a0b6c8;Gilead coronavirus treatment <b>remdesivir</b> data  Wall Street analysis;2020-04-17T13:46:00;;;;;;;;;;;;;;;;;;;;;;;;;;;;;;;;;;;;;;;;;;;;;;;;;;;
5eaeed51d1ce1048f0a0b6c7;Gilead surges 12% on report that drug shows effectiveness against COVID-19;2020-04-17T14:16:00;;;;;;;;;;;;;;;;;;;;;;;;;;;;;;;;;;;;;;;;;;;;;;;;;;;
5eaeed51d1ce1048f0a0b6c6;<b>Remdesivir</b>  Explained: A Coronavirus Wonder Weapon or Too Soon to Tell?;2020-04-17T14:37:10;;;;;;;;;;;;;;;;;;;;;;;;;;;;;;;;;;;;;;;;;;;;;;;;;;;
5eaeed51d1ce1048f0a0b6c5;Coronavirus cure hopes as patients taking experimental drug <b>remdesivir</b> recover quickly  Nehanda Radio;2020-04-17T14:43:25;;;;;;;;;;;;;;;;;;;;;;;;;;;;;;;;;;;;;;;;;;;;;;;;;;;
5eaeed51d1ce1048f0a0b6c4;Gilead Stock Jumps 8% After Coronavirus Drug <b>Remdesivir</b> Shows Rapid Recoveries In Clinical Trials;2020-04-17T14:45:16;;;;;;;;;;;;;;;;;;;;;;;;;;;;;;;;;;;;;;;;;;;;;;;;;;;
5eaeed51d1ce1048f0a0b6c3;'Exciting' coronavirus drug hailed by Donald Trump is helping seriously-ill patients recover;2020-04-17T15:24:54;;;;;;;;;;;;;;;;;;;;;;;;;;;;;;;;;;;;;;;;;;;;;;;;;;;
5eaeed51d1ce1048f0a0b6c2;<b>Remdesivir</b> trial seeing rapid recoveries in early data  according to trial;2020-04-17T15:49:00;;;;;;;;;;;;;;;;;;;;;;;;;;;;;;;;;;;;;;;;;;;;;;;;;;;
5eaeed50d1ce1048f0a0b6c1;Monkey Trial Shows 100% Success of <b>Remdesivir</b> in Fighting COVID-19;2020-04-17T15:58:27;;;;;;;;;;;;;;;;;;;;;;;;;;;;;;;;;;;;;;;;;;;;;;;;;;;
5eaeed50d1ce1048f0a0b6c0;Gilead Analysts Tackle Early Results From <b>Remdesivir</b> Study In COVID-19  Morgan Stanley Says Stock Move Looks Overdone;2020-04-17T16:49:53;;;;;;;;;;;;;;;;;;;;;;;;;;;;;;;;;;;;;;;;;;;;;;;;;;;
5eaeed50d1ce1048f0a0b6bf;<b>Remdesivir</b> Shows Promise for Those With Severe COVID-19;2020-04-17T18:24:17;;;;;;;;;;;;;;;;;;;;;;;;;;;;;;;;;;;;;;;;;;;;;;;;;;;
5eaeed50d1ce1048f0a0b6be;The Market Is Overreacting to Gileads Coronavirus Drug <b>Remdesivir</b>  Analysts Say;2020-04-17T18:34:00;;;;;;;;;;;;;;;;;;;;;;;;;;;;;;;;;;;;;;;;;;;;;;;;;;;
5eaeed50d1ce1048f0a0b6bd;GILD Stock Isn't Worth Chasing Now Despite Recent <b>Remdesivir</b> Success;2020-04-17T19:08:19;;;;;;;;;;;;;;;;;;;;;;;;;;;;;;;;;;;;;;;;;;;;;;;;;;;
5eaeed50d1ce1048f0a0b6bc;<b>Remdesivir</b> Significantly Reduced CCP Virus in Monkeys: NIH;2020-04-17T19:21:27;;;;;;;;;;;;;;;;;;;;;;;;;;;;;;;;;;;;;;;;;;;;;;;;;;;
5eaeed50d1ce1048f0a0b6bb;More Encouraging Signs for <b>Remdesivir</b> as COVID-19 Treatment;2020-04-17T20:52:53;;;;;;;;;;;;;;;;;;;;;;;;;;;;;;;;;;;;;;;;;;;;;;;;;;;
5eaeed50d1ce1048f0a0b6ba;COVID-19 Patients Recover Quickly After Getting;2020-04-17T21:19:44;;;;;;;;;;;;;;;;;;;;;;;;;;;;;;;;;;;;;;;;;;;;;;;;;;;
5eaeed50d1ce1048f0a0b6b9;TSX Ends On Upbeat Note Amid Optimism About Covid-19 Treatment;2020-04-17T21:47:24;;;;;;;;;;;;;;;;;;;;;;;;;;;;;;;;;;;;;;;;;;;;;;;;;;;
5eaeed50d1ce1048f0a0b6b8;Experimental anti-viral drug offers hope against coronavirus :: WRAL.com;2020-04-17T22:20:48;;;;;;;;;;;;;;;;;;;;;;;;;;;;;;;;;;;;;;;;;;;;;;;;;;;
5eaeed50d1ce1048f0a0b6b7;Drug UNC researcher has worked with shows promising results in COVID-19 tests :: WRAL.com;2020-04-17T23:22:07;;;;;;;;;;;;;;;;;;;;;;;;;;;;;;;;;;;;;;;;;;;;;;;;;;;
5eaeed50d1ce1048f0a0b6b6;Experimental virus drug <b>remdesivir</b> effective in...;2020-04-18T01:00:41;;;;;;;;;;;;;;;;;;;;;;;;;;;;;;;;;;;;;;;;;;;;;;;;;;;
5eaeed50d1ce1048f0a0b6b5;Ebola drugs shows promise against COVID-19;2020-04-18T01:18:18;;;;;;;;;;;;;;;;;;;;;;;;;;;;;;;;;;;;;;;;;;;;;;;;;;;
5eaeed50d1ce1048f0a0b6b4;Gilead Sciences: Gauging The Potential Of <b>Remdesivir</b> (NASDAQ:GILD);2020-04-18T01:34:28;;;;;;;;;;;;;;;;;;;;;;;;;;;;;;;;;;;;;;;;;;;;;;;;;;;
5eaeed50d1ce1048f0a0b6b3;Antiviral drug <b>remdesivir</b> shows promise in trial on monkeys with coronavirus;2020-04-18T03:20:18;;;;;;;;;;;;;;;;;;;;;;;;;;;;;;;;;;;;;;;;;;;;;;;;;;;
5eaeed50d1ce1048f0a0b6b2;Optimism for Gilead's drug <b>Remdesivir</b> in treating coronavirus patients may be too premature;2020-04-18T03:58:15;;;;;;;;;;;;;;;;;;;;;;;;;;;;;;;;;;;;;;;;;;;;;;;;;;;
5eaeed50d1ce1048f0a0b6b1;Covid-19 cure: The story of antiviral medicine <b>remdesivir</b>;2020-04-18T07:15:37;;;;;;;;;;;;;;;;;;;;;;;;;;;;;;;;;;;;;;;;;;;;;;;;;;;
5eaeed50d1ce1048f0a0b6b0;Gileads COVID-19 Drug <b>Remdesivir</b> Sees Promising Results in US Trial;2020-04-18T12:30:00;;;;;;;;;;;;;;;;;;;;;;;;;;;;;;;;;;;;;;;;;;;;;;;;;;;
5eaeed50d1ce1048f0a0b6af;Clinical trial for <b>Remdesivir</b> happening at Emory University Hospital;2020-04-19T04:04:57;;;;;;;;;;;;;;;;;;;;;;;;;;;;;;;;;;;;;;;;;;;;;;;;;;;
5eaeed50d1ce1048f0a0b6ae;Antiviral drug <b>remdesivir</b> prevents COVID-19 progression in monkeys;2020-04-19T11:08:57;;;;;;;;;;;;;;;;;;;;;;;;;;;;;;;;;;;;;;;;;;;;;;;;;;;
5eaeed50d1ce1048f0a0b6ad;Explained News The Indian Express;2020-04-19T18:50:58;;;;;;;;;;;;;;;;;;;;;;;;;;;;;;;;;;;;;;;;;;;;;;;;;;;
5eaeed50d1ce1048f0a0b6ac;Experimental virus drug <b>remdesivir</b> effective in monkeys: study;2020-04-19T22:27:08;;;;;;;;;;;;;;;;;;;;;;;;;;;;;;;;;;;;;;;;;;;;;;;;;;;
5eaeed50d1ce1048f0a0b6ab;Gilead  <b>Remdesivir</b>  COVID-19 And Political Risk (NASDAQ:GILD);2020-04-19T23:57:52;;;;;;;;;;;;;;;;;;;;;;;;;;;;;;;;;;;;;;;;;;;;;;;;;;;
5eaeed50d1ce1048f0a0b6aa;<b>Remdesivir</b> shows promise against COVID-19  but more trials needed: Scientists;2020-04-20T11:12:20;;;;;;;;;;;;;;;;;;;;;;;;;;;;;;;;;;;;;;;;;;;;;;;;;;;
5eaeed50d1ce1048f0a0b6a9;<b>Remdesivir</b> prevents Covid-19 progression in preclinical study;2020-04-20T11:51:11;;;;;;;;;;;;;;;;;;;;;;;;;;;;;;;;;;;;;;;;;;;;;;;;;;;
5eaeed50d1ce1048f0a0b6a8;Gilead: New <b>Remdesivir</b> Data Set Up A Potential Short Trade (NASDAQ:GILD);2020-04-20T12:22:15;;;;;;;;;;;;;;;;;;;;;;;;;;;;;;;;;;;;;;;;;;;;;;;;;;;
5eaeed50d1ce1048f0a0b6a7;Ebola drug <b>Remdesivir</b> to cure COVID-19?;2020-04-21T08:00:00;;;;;;;;;;;;;;;;;;;;;;;;;;;;;;;;;;;;;;;;;;;;;;;;;;;
5eaeed50d1ce1048f0a0b6a6;Anti-viral drug <b>remdesivir</b> can stop coronavirus from reproducing  studies suggest;2020-04-21T11:31:56;;;;;;;;;;;;;;;;;;;;;;;;;;;;;;;;;;;;;;;;;;;;;;;;;;;
5eaeed50d1ce1048f0a0b6a5;Gilead Sciences Races to Manufacture <b>Remdesivir</b>  but Chemistry Has Speed Limits;2020-04-22T15:15:00;;;;;;;;;;;;;;;;;;;;;;;;;;;;;;;;;;;;;;;;;;;;;;;;;;;
5eaeed50d1ce1048f0a0b6a4;UPDATED: <b>Remdesivir</b> Studies Yield Mixed Results for COVID-19 Treatment;2020-04-23T07:00:00;;;;;;;;;;;;;;;;;;;;;;;;;;;;;;;;;;;;;;;;;;;;;;;;;;;
5eaeed50d1ce1048f0a0b6a3;Sermo Reports Jury Is Still Out on <b>Remdesivir</b>  31% of Physicians Who Have Used <b>Remdesivir</b> Rate It as Highly Effective  31% Rate It with Low Effectiveness  38% Rate It as Somewhere in the Middle;2020-04-23T13:00:00;;;;;;;;;;;;;;;;;;;;;;;;;;;;;;;;;;;;;;;;;;;;;;;;;;;
5eaeed50d1ce1048f0a0b6a2;Stock Alert: Inovio Pharmaceuticals Climbs 11%;2020-04-23T14:19:28;;;;;;;;;;;;;;;;;;;;;;;;;;;;;;;;;;;;;;;;;;;;;;;;;;;
5eaeed50d1ce1048f0a0b6a1;Coronavirus Outbreak: Leaked results of a clinical trial hints Gliead's <b>Remdesivir</b> could be possible COVID-19 cure;2020-04-24T02:36:38;;;;;;;;;;;;;;;;;;;;;;;;;;;;;;;;;;;;;;;;;;;;;;;;;;;
5eaeed50d1ce1048f0a0b6a0;Stock Alert: Vapotherm Spikes 13%;2020-04-23T14:47:29;;;;;;;;;;;;;;;;;;;;;;;;;;;;;;;;;;;;;;;;;;;;;;;;;;;
5eaeed50d1ce1048f0a0b69f;Gildead drug <b>Remdesivir</b> flops in first trial;2020-04-23T16:52:32;;;;;;;;;;;;;;;;;;;;;;;;;;;;;;;;;;;;;;;;;;;;;;;;;;;
5eaeed50d1ce1048f0a0b69e;Report of <b>remdesivir</b> flop takes steam out of stocks (NASDAQ:GILD);2020-04-23T16:54:28;;;;;;;;;;;;;;;;;;;;;;;;;;;;;;;;;;;;;;;;;;;;;;;;;;;
5eaeed50d1ce1048f0a0b69d;Gilead antiviral drug <b>remdesivir</b> flounders in first trial;2020-04-23T17:05:01;;;;;;;;;;;;;;;;;;;;;;;;;;;;;;;;;;;;;;;;;;;;;;;;;;;
5eaeed50d1ce1048f0a0b69c;Data on Gilead's <b>remdesivir</b> show no benefit for coronavirus patients;2020-04-23T17:05:13;;;;;;;;;;;;;;;;;;;;;;;;;;;;;;;;;;;;;;;;;;;;;;;;;;;
5eaeed50d1ce1048f0a0b69b;Gilead halted after plunging after <b>Remdesivir</b> flopped in coronavirus trial: Report;2020-04-23T17:06:00;;;;;;;;;;;;;;;;;;;;;;;;;;;;;;;;;;;;;;;;;;;;;;;;;;;
5eaeed50d1ce1048f0a0b69a;Coronavirus treatment data on Gilead's <b>remdesivir</b> from WHO;2020-04-23T17:09:00;;;;;;;;;;;;;;;;;;;;;;;;;;;;;;;;;;;;;;;;;;;;;;;;;;;
5eaeed50d1ce1048f0a0b699;Dow pares some gains after reports say Gilead's <b>remdesivir</b> shows disappointing results;2020-04-23T17:38:17.41;;;;;;;;;;;;;;;;;;;;;;;;;;;;;;;;;;;;;;;;;;;;;;;;;;;
5eaeed50d1ce1048f0a0b698;Gilead's experimental Covid-19 drug <b>remdesivir</b> fails first trial: Reports;2020-04-23T17:50:38;;;;;;;;;;;;;;;;;;;;;;;;;;;;;;;;;;;;;;;;;;;;;;;;;;;
5eaeed50d1ce1048f0a0b697;Is Gilead Drug <b>Remdesivir</b> Effective Against Coronavirus? Study Accidentally Published Raises Questions;2020-04-23T18:07:48;;;;;;;;;;;;;;;;;;;;;;;;;;;;;;;;;;;;;;;;;;;;;;;;;;;
5eaeed50d1ce1048f0a0b696;Possible Gilead coronavirus treatment <b>remdesivir</b> fails in China trial: report;2020-04-23T18:09:23;;;;;;;;;;;;;;;;;;;;;;;;;;;;;;;;;;;;;;;;;;;;;;;;;;;
5eaeed50d1ce1048f0a0b695;Buy the Dip in GILD Stock Because <b>Remdesivir</b> May Not Be a Flop;2020-04-23T18:26:55;;;;;;;;;;;;;;;;;;;;;;;;;;;;;;;;;;;;;;;;;;;;;;;;;;;
5eaeed50d1ce1048f0a0b694;Morningstar Community;2020-04-23T18:28:41.384;;;;;;;;;;;;;;;;;;;;;;;;;;;;;;;;;;;;;;;;;;;;;;;;;;;
5eaeed50d1ce1048f0a0b693;<b>Remdesivir</b> doesn't help COVID-19 patients  leaked study suggests;2020-04-23T18:58:20;;;;;;;;;;;;;;;;;;;;;;;;;;;;;;;;;;;;;;;;;;;;;;;;;;;
5eaeed50d1ce1048f0a0b692;<b>Remdesivir</b> had no effect on Covid-19 patients  according to leaked study;2020-04-23T19:45:00;;;;;;;;;;;;;;;;;;;;;;;;;;;;;;;;;;;;;;;;;;;;;;;;;;;
5eaeed50d1ce1048f0a0b691;Experimental virus drug <b>remdesivir</b> failed in human...;2020-04-23T19:55:56;;;;;;;;;;;;;;;;;;;;;;;;;;;;;;;;;;;;;;;;;;;;;;;;;;;
5eaeed50d1ce1048f0a0b690;Baird analyst Brian Skorney on Gilead <b>Remdesivir</b> report;2020-04-23T20:06:00;;;;;;;;;;;;;;;;;;;;;;;;;;;;;;;;;;;;;;;;;;;;;;;;;;;
5eaeed4ed1ce1048f0a0b68f;Stocks End Mixed After Report Says Gilead's <b>Remdesivir</b> Disappoints  Oil Jumps;2020-04-23T20:21:00;;;;;;;;;;;;;;;;;;;;;;;;;;;;;;;;;;;;;;;;;;;;;;;;;;;
5eaeed4ed1ce1048f0a0b68e;'Inconclusive' Gilead <b>Remdesivir</b> Reports Erase Stock Gains;2020-04-23T20:49:54;;;;;;;;;;;;;;;;;;;;;;;;;;;;;;;;;;;;;;;;;;;;;;;;;;;
5eaeed4ed1ce1048f0a0b68d;Hopes dashed as coronavirus drug <b>remdesivir</b> fails first trial;2020-04-23T22:09:14;;;;;;;;;;;;;;;;;;;;;;;;;;;;;;;;;;;;;;;;;;;;;;;;;;;
5eaeed4ed1ce1048f0a0b68c;Experimental coronavirus drug <b>remdesivir</b> failed in human trial;2020-04-23T22:10:42;;;;;;;;;;;;;;;;;;;;;;;;;;;;;;;;;;;;;;;;;;;;;;;;;;;
5eaeed4ed1ce1048f0a0b68b;<b>Remdesivir</b> trial posted online prematurely was 'inconclusive ' Gilead says;2020-04-24T04:20:22;;;;;;;;;;;;;;;;;;;;;;;;;;;;;;;;;;;;;;;;;;;;;;;;;;;
5eaeed4ed1ce1048f0a0b68a;Experimental antiviral drug <b>Remdesivir</b> fails first clinical trial;2020-04-24T05:56:49;;;;;;;;;;;;;;;;;;;;;;;;;;;;;;;;;;;;;;;;;;;;;;;;;;;
5eaeed4ed1ce1048f0a0b689;Government ramps up production of 5 anti-Covid-19 medicines  procurement of others;2020-04-24T06:01:17;;;;;;;;;;;;;;;;;;;;;;;;;;;;;;;;;;;;;;;;;;;;;;;;;;;
5eaeed4ed1ce1048f0a0b688;Coronavirus UK: FTSE drops again as it slumps due to gloomy prospects for new drugs;2020-04-24T11:07:02;;;;;;;;;;;;;;;;;;;;;;;;;;;;;;;;;;;;;;;;;;;;;;;;;;;
5eaeed4ed1ce1048f0a0b687;GILD Stock: <b>Remdesivir</b> May Give Gilead Sciences a Strong Lift;2020-04-24T14:21:13;;;;;;;;;;;;;;;;;;;;;;;;;;;;;;;;;;;;;;;;;;;;;;;;;;;
5eaeed4ed1ce1048f0a0b686;COVID-19: Leaked data suggests antiviral drug <b>remdesivir</b> is not effective treatment;2020-04-24T14:22:09;;;;;;;;;;;;;;;;;;;;;;;;;;;;;;;;;;;;;;;;;;;;;;;;;;;
5eaeed4ed1ce1048f0a0b685;Gilead: Why <b>Remdesivir</b> Won't Be A Magic Bullet (NASDAQ:GILD);2020-04-24T17:32:39;;;;;;;;;;;;;;;;;;;;;;;;;;;;;;;;;;;;;;;;;;;;;;;;;;;
5eaeed4ed1ce1048f0a0b684;Gilead's <b>remdesivir</b> trial ahead of schedule;2020-04-24T17:59:36;;;;;;;;;;;;;;;;;;;;;;;;;;;;;;;;;;;;;;;;;;;;;;;;;;;
5eaeed4ed1ce1048f0a0b683;The pandemic has shifted focus to <b>remdesivir</b>  but HIV drugs will return to center stage for Gilead;2020-04-25T12:49:00;;;;;;;;;;;;;;;;;;;;;;;;;;;;;;;;;;;;;;;;;;;;;;;;;;;
5eaeed4ed1ce1048f0a0b682;<b>Remdesivir</b>: Preliminary results from a trial could come in a week or two  researcher says;2020-04-27T02:59:31;;;;;;;;;;;;;;;;;;;;;;;;;;;;;;;;;;;;;;;;;;;;;;;;;;;
5eaeed4ed1ce1048f0a0b681;Gilead's <b>Remdesivir</b> Shows Promise Against COVID-19 in Sneak Peek at Clinical Trial Data;2020-04-27T10:42:00;;;;;;;;;;;;;;;;;;;;;;;;;;;;;;;;;;;;;;;;;;;;;;;;;;;
5eaeed4ed1ce1048f0a0b680;Japan on board with Gilead's <b>remdesivir</b>  approval expected in May (NASDAQ:GILD);2020-04-27T13:18:11;;;;;;;;;;;;;;;;;;;;;;;;;;;;;;;;;;;;;;;;;;;;;;;;;;;
5eaeed4ed1ce1048f0a0b67f;There's More to Gilead Sciences' <b>Remdesivir</b> Data Than Meets the Eye;2020-04-27T13:33:00;;;;;;;;;;;;;;;;;;;;;;;;;;;;;;;;;;;;;;;;;;;;;;;;;;;
5eaeed4ed1ce1048f0a0b67e;Gilead's <b>Remdesivir</b> Reportedly Flopped in Chinese COVID-19 Study;2020-04-27T16:45:00;;;;;;;;;;;;;;;;;;;;;;;;;;;;;;;;;;;;;;;;;;;;;;;;;;;
5eaeed4ed1ce1048f0a0b67d;Coronavirus research: flaws in trials for <b>remdesivir</b>  chloroquine;2020-04-28T16:26:00;;;;;;;;;;;;;;;;;;;;;;;;;;;;;;;;;;;;;;;;;;;;;;;;;;;
5eaeed4ed1ce1048f0a0b67c;Army war on COVID-19 saves soldiers lives with <b>remdesivir</b> anti-viral drug;2020-04-28T18:51:03;;;;;;;;;;;;;;;;;;;;;;;;;;;;;;;;;;;;;;;;;;;;;;;;;;;
5eaeed4ed1ce1048f0a0b67b;Gilead sees 'positive' data on coronavirus treatment <b>remdesivir</b> trial;2020-04-29T00:00:00;;;;;;;;;;;;;;;;;;;;;;;;;;;;;;;;;;;;;;;;;;;;;;;;;;;
5eaeed4ed1ce1048f0a0b67a;Antiviral <b>remdesivir</b> showed no significant benefit in virus patients;2020-04-29T05:18:10;;;;;;;;;;;;;;;;;;;;;;;;;;;;;;;;;;;;;;;;;;;;;;;;;;;
5eaeed4ed1ce1048f0a0b679;Gilead <b>remdesivir</b> trial for Covid-19 meets primary target  shares jump (NASDAQ:GILD);2020-04-29T12:33:51;;;;;;;;;;;;;;;;;;;;;;;;;;;;;;;;;;;;;;;;;;;;;;;;;;;
5eaeed4ed1ce1048f0a0b678;Gilead says early results of coronavirus drug trial show improvement with shorter <b>remdesivir</b> treatment;2020-04-29T12:36:00;;;;;;;;;;;;;;;;;;;;;;;;;;;;;;;;;;;;;;;;;;;;;;;;;;;
5eaeed4ed1ce1048f0a0b677;Gilead's <b>remdesivir</b> successful in late-stage COVID-19 study (NASDAQ:GILD);2020-04-29T12:48:53;;;;;;;;;;;;;;;;;;;;;;;;;;;;;;;;;;;;;;;;;;;;;;;;;;;
5eaeed4ed1ce1048f0a0b676;Gilead reports 'positive data' on <b>remdesivir</b> coronavirus drug trial;2020-04-29T12:56:00;;;;;;;;;;;;;;;;;;;;;;;;;;;;;;;;;;;;;;;;;;;;;;;;;;;
5eaeed4ed1ce1048f0a0b675;US stock index futures rise sharply following Gilead Sciences' statement on <b>remdesivir</b>;2020-04-29T12:59:20;;;;;;;;;;;;;;;;;;;;;;;;;;;;;;;;;;;;;;;;;;;;;;;;;;;
5eaeed4ed1ce1048f0a0b674;Gilead shares +10% after <b>remdesivir</b> hits primary target (NASDAQ:GILD);2020-04-29T13:02:49;;;;;;;;;;;;;;;;;;;;;;;;;;;;;;;;;;;;;;;;;;;;;;;;;;;
5eaeed4ed1ce1048f0a0b673;Gilead's <b>Remdesivir</b> meets main goal of trial in COVID-19 patients >> Watch Video;2020-04-29T13:28:15;;;;;;;;;;;;;;;;;;;;;;;;;;;;;;;;;;;;;;;;;;;;;;;;;;;
5eaeed4ed1ce1048f0a0b672;Gilead Sciences says there are 'positive data' from a study on possible Covid-19 treatment <b>remdesivir</b>;2020-04-29T13:30:28;;;;;;;;;;;;;;;;;;;;;;;;;;;;;;;;;;;;;;;;;;;;;;;;;;;
5eaeed4ed1ce1048f0a0b671;<b>Remdesivir</b>: FDA will reportedly authorize use for Covid-19 after trial shows 'positive effect' on recovery time;2020-04-29T13:30:28;;;;;;;;;;;;;;;;;;;;;;;;;;;;;;;;;;;;;;;;;;;;;;;;;;;
5eaeed4ed1ce1048f0a0b670;Gilead Announces Positive <b>Remdesivir</b> Data in U.S. Coronavirus Treatment Study;2020-04-29T13:38:08;;;;;;;;;;;;;;;;;;;;;;;;;;;;;;;;;;;;;;;;;;;;;;;;;;;
5eaeed4ed1ce1048f0a0b66f;Gilead soars 11% after reporting positive news on potential coronavirus treatment (GILD);2020-04-29T13:50:35;;;;;;;;;;;;;;;;;;;;;;;;;;;;;;;;;;;;;;;;;;;;;;;;;;;
5eaeed4ed1ce1048f0a0b66e;Dow jumps 400 points after Gilead coronavirus drug <b>remdesivir</b> showed promise;2020-04-29T13:53:30;;;;;;;;;;;;;;;;;;;;;;;;;;;;;;;;;;;;;;;;;;;;;;;;;;;
5eaeed4ed1ce1048f0a0b66d;Gilead Claims Positive Data to Come From N.I.H. Trial of <b>Remdesivir</b>;2020-04-29T14:12:12;;;;;;;;;;;;;;;;;;;;;;;;;;;;;;;;;;;;;;;;;;;;;;;;;;;
5eaeed4ed1ce1048f0a0b66c;Jefferies stays bullish  SunTrust cautious after Gilead's <b>remdesivir</b> results (NASDAQ:GILD);2020-04-29T14:21:14;;;;;;;;;;;;;;;;;;;;;;;;;;;;;;;;;;;;;;;;;;;;;;;;;;;
5eaeed4ed1ce1048f0a0b66b;Gilead says <b>remdesivir</b> trials show improvement for COVID-19 patients;2020-04-29T14:22:47;;;;;;;;;;;;;;;;;;;;;;;;;;;;;;;;;;;;;;;;;;;;;;;;;;;
5eaeed4ed1ce1048f0a0b66a;Experimental coronavirus treatment <b>remdesivir</b> delivers 'positive data' in trial  says developer Gilead;2020-04-29T14:39:10;;;;;;;;;;;;;;;;;;;;;;;;;;;;;;;;;;;;;;;;;;;;;;;;;;;
5eaeed4ed1ce1048f0a0b669;WH adviser Kudlow: Reports on Gilead's <b>remdesivir</b> suggest a positive for economy;2020-04-29T15:19:01;;;;;;;;;;;;;;;;;;;;;;;;;;;;;;;;;;;;;;;;;;;;;;;;;;;
5eaeed4ed1ce1048f0a0b668;Gilead Sciences says <b>remdesivir</b> shows 'positive' signs in treatment;2020-04-29T15:25:14;;;;;;;;;;;;;;;;;;;;;;;;;;;;;;;;;;;;;;;;;;;;;;;;;;;
5eaeed4ed1ce1048f0a0b667;Gilead says Covid-19 patients responding to <b>remdesivir</b>;2020-04-29T15:29:39;;;;;;;;;;;;;;;;;;;;;;;;;;;;;;;;;;;;;;;;;;;;;;;;;;;
5eaeed4ed1ce1048f0a0b666;SoftBank-backed OYO to offload more loss-making hotels amid pandemic: Sources;2020-04-29T15:40:02;;;;;;;;;;;;;;;;;;;;;;;;;;;;;;;;;;;;;;;;;;;;;;;;;;;
5eaeed4ed1ce1048f0a0b665;Lancet publishes results from inconclusive China study of Gilead's <b>remdesivir</b> (NASDAQ:GILD);2020-04-29T15:53:04;;;;;;;;;;;;;;;;;;;;;;;;;;;;;;;;;;;;;;;;;;;;;;;;;;;
5eaeed4ed1ce1048f0a0b664;<b>Remdesivir</b>: Randomized Trial By Chinese Government Claims No Clinical Benefits;2020-04-29T15:53:29;;;;;;;;;;;;;;;;;;;;;;;;;;;;;;;;;;;;;;;;;;;;;;;;;;;
5eaeed4ed1ce1048f0a0b663;Fauci gives his blessing to <b>remdesivir</b> (NASDAQ:GILD);2020-04-29T16:22:25;;;;;;;;;;;;;;;;;;;;;;;;;;;;;;;;;;;;;;;;;;;;;;;;;;;
5eaeed4ed1ce1048f0a0b662;Company says drug proved effective against virus in US study;2020-04-29T16:40:32;;;;;;;;;;;;;;;;;;;;;;;;;;;;;;;;;;;;;;;;;;;;;;;;;;;
5eaeed4ed1ce1048f0a0b661;Coronavirus: Antiviral drug <b>Remdesivir</b> performs well in trials;2020-04-29T16:48:46;;;;;;;;;;;;;;;;;;;;;;;;;;;;;;;;;;;;;;;;;;;;;;;;;;;
5eaeed4ed1ce1048f0a0b660;Fauci: <b>Remdesivir</b> has clear cut impact on time to recovery;2020-04-29T16:57:38;;;;;;;;;;;;;;;;;;;;;;;;;;;;;;;;;;;;;;;;;;;;;;;;;;;
5eaeed4ed1ce1048f0a0b65f;Gilead says <b>remdesivir</b> shows improvement in COVID-19 patients when used early;2020-04-29T17:08:09;;;;;;;;;;;;;;;;;;;;;;;;;;;;;;;;;;;;;;;;;;;;;;;;;;;
5eaeed4ed1ce1048f0a0b65e;Treatment with <b>remdesivir</b> did not speed up recovery or reduce deaths from COVID-19: Lancet;2020-04-29T17:15:38;;;;;;;;;;;;;;;;;;;;;;;;;;;;;;;;;;;;;;;;;;;;;;;;;;;
5eaeed4dd1ce1048f0a0b65d;<b>Remdesivir</b> coronavirus drug trial shows quite good news: Fauci;2020-04-29T18:15:40;;;;;;;;;;;;;;;;;;;;;;;;;;;;;;;;;;;;;;;;;;;;;;;;;;;
5eaeed4dd1ce1048f0a0b65c;FDA nod on Gilead's COVID-19 drug <b>remdesivir</b> imminent;2020-04-29T18:19:59;;;;;;;;;;;;;;;;;;;;;;;;;;;;;;;;;;;;;;;;;;;;;;;;;;;
5eaeed4dd1ce1048f0a0b65b;Covid 19 coronavirus: <b>Remdesivir</b> proven to be effective treatment in new study;2020-04-29T18:33:46;;;;;;;;;;;;;;;;;;;;;;;;;;;;;;;;;;;;;;;;;;;;;;;;;;;
5eaeed4dd1ce1048f0a0b65a;FDA may approve emergency use authorization of Ebola drug <b>remdesivir</b> TODAY;2020-04-29T18:37:48;;;;;;;;;;;;;;;;;;;;;;;;;;;;;;;;;;;;;;;;;;;;;;;;;;;
5eaeed4dd1ce1048f0a0b659;<b>Remdesivir</b>: Drug has 'clear cut' power to fight coronavirus;2020-04-29T19:24:21;;;;;;;;;;;;;;;;;;;;;;;;;;;;;;;;;;;;;;;;;;;;;;;;;;;
5eaeed4dd1ce1048f0a0b658;Video: Fauci hopeful about <b>remdesivir</b> drug to help fight against COVID-19;2020-04-29T19:28:03;;;;;;;;;;;;;;;;;;;;;;;;;;;;;;;;;;;;;;;;;;;;;;;;;;;
5eaeed4dd1ce1048f0a0b657;Fauci expresses optimism about 'significant  positive' data from a trial of the possible Covid-19 treatment <b>remdesivir</b>;2020-04-29T19:38:31;;;;;;;;;;;;;;;;;;;;;;;;;;;;;;;;;;;;;;;;;;;;;;;;;;;
5eaeed4dd1ce1048f0a0b656;<b>Remdesivir</b> study: Fauci optimistic about treatment;2020-04-29T19:38:31;;;;;;;;;;;;;;;;;;;;;;;;;;;;;;;;;;;;;;;;;;;;;;;;;;;
5eaeed4dd1ce1048f0a0b655;Ex-CDC director calls <b>remdesivir</b> study 'good news' but 'not a game-changer' in coronavirus fight;2020-04-29T19:39:44;;;;;;;;;;;;;;;;;;;;;;;;;;;;;;;;;;;;;;;;;;;;;;;;;;;
5eaeed4dd1ce1048f0a0b654;Antiviral drug <b>remdesivir</b> shortens time to recover;2020-04-29T19:43:37;;;;;;;;;;;;;;;;;;;;;;;;;;;;;;;;;;;;;;;;;;;;;;;;;;;
5eaeed4dd1ce1048f0a0b653;Fauci says experimental coronavirus treatment <b>remdesivir</b> could shorten COVID-19 recovery time;2020-04-29T19:54:33;;;;;;;;;;;;;;;;;;;;;;;;;;;;;;;;;;;;;;;;;;;;;;;;;;;
5eaeed4dd1ce1048f0a0b652;'A drug can block coronavirus': Gilead's <b>remdesivir</b>;2020-04-29T20:13:34;;;;;;;;;;;;;;;;;;;;;;;;;;;;;;;;;;;;;;;;;;;;;;;;;;;
5eaeed4dd1ce1048f0a0b651;Dr. Anthony Fauci on positive signs from coronavirus drug study on <b>remdesivir</b>;2020-04-29T20:54:14;;;;;;;;;;;;;;;;;;;;;;;;;;;;;;;;;;;;;;;;;;;;;;;;;;;
5eaeed4dd1ce1048f0a0b650;US study finds Gilead anti-viral drug <b>remdesivir</b> works against coronavirus;2020-04-29T21:08:05;;;;;;;;;;;;;;;;;;;;;;;;;;;;;;;;;;;;;;;;;;;;;;;;;;;
5eaeed4dd1ce1048f0a0b64f;Dr. Fauci says <b>remdesivir</b> has 'positive' effect on coronavirus patients;2020-04-29T21:09:58;;;;;;;;;;;;;;;;;;;;;;;;;;;;;;;;;;;;;;;;;;;;;;;;;;;
5eaeed4dd1ce1048f0a0b64e;Gilead: SIMPLE Trial Indicates <b>Remdesivir</b> May Help Severely Ill COVID-19 Patients (NASDAQ:GILD);2020-04-29T21:30:27;;;;;;;;;;;;;;;;;;;;;;;;;;;;;;;;;;;;;;;;;;;;;;;;;;;
5eaeed4dd1ce1048f0a0b64d;But Its Still Not Clear How Effective It Is Against COVID-19;2020-04-29T21:33:12;;;;;;;;;;;;;;;;;;;;;;;;;;;;;;;;;;;;;;;;;;;;;;;;;;;
5eaeed4dd1ce1048f0a0b64c;Trump wants FDA to move 'as quickly as they can' on <b>remdesivir</b> coronavirus approval;2020-04-29T21:48:23;;;;;;;;;;;;;;;;;;;;;;;;;;;;;;;;;;;;;;;;;;;;;;;;;;;
5eaeed4dd1ce1048f0a0b64b;Coronavirus: optimism about <b>remdesivir</b>  life after lockdown;2020-04-29T21:59:16;;;;;;;;;;;;;;;;;;;;;;;;;;;;;;;;;;;;;;;;;;;;;;;;;;;
5eaeed4dd1ce1048f0a0b64a;COVID-19 treatment: San Francisco Bay Area-based Gilead says <b>remdesivir</b> drug proved effective against coronavirus in US study;2020-04-29T22:08:44;;;;;;;;;;;;;;;;;;;;;;;;;;;;;;;;;;;;;;;;;;;;;;;;;;;
5eaeed4dd1ce1048f0a0b649;Coronavirus: Experimental drug <b>Remdesivir</b> 'can block' COVID-19;2020-04-29T22:28:53;;;;;;;;;;;;;;;;;;;;;;;;;;;;;;;;;;;;;;;;;;;;;;;;;;;
5eaeed4dd1ce1048f0a0b648;Jim Cramer discusses 'very encouraging' Gilead data on <b>remdesivir</b>;2020-04-29T22:32:00;;;;;;;;;;;;;;;;;;;;;;;;;;;;;;;;;;;;;;;;;;;;;;;;;;;
5eaeed4dd1ce1048f0a0b647;First Randomized Trial Of <b>Remdesivir</b> Suggests;2020-04-29T22:41:20;;;;;;;;;;;;;;;;;;;;;;;;;;;;;;;;;;;;;;;;;;;;;;;;;;;
5eaeed4dd1ce1048f0a0b646;<b>Remdesivir</b> Speeds Recovery From COVID-19 In Preliminary Trial Results : Shots;2020-04-29T22:44:45;;;;;;;;;;;;;;;;;;;;;;;;;;;;;;;;;;;;;;;;;;;;;;;;;;;
5eaeed4dd1ce1048f0a0b645;Jim Cramer: <b>Remdesivir</b> is just what the doctor ordered;2020-04-29T22:46:00;;;;;;;;;;;;;;;;;;;;;;;;;;;;;;;;;;;;;;;;;;;;;;;;;;;
5eaeed4dd1ce1048f0a0b644;Jim Cramer on reopening: '<b>Remdesivir</b> is just what the doctor ordered';2020-04-29T23:03:00;;;;;;;;;;;;;;;;;;;;;;;;;;;;;;;;;;;;;;;;;;;;;;;;;;;
5eaeed4dd1ce1048f0a0b643;One News Page VIDEO;2020-04-29T23:38:04;;;;;;;;;;;;;;;;;;;;;;;;;;;;;;;;;;;;;;;;;;;;;;;;;;;
5eaeed4dd1ce1048f0a0b642;Remdesivir:'Clear-cut' results show Gilead drug can;2020-04-29T23:47:15;;;;;;;;;;;;;;;;;;;;;;;;;;;;;;;;;;;;;;;;;;;;;;;;;;;
5eaeed4dd1ce1048f0a0b641;Coronavirus drug <b>remdesivir</b> shows 'clear-cut positive effect' in US trial;2020-04-30T00:18:00;;;;;;;;;;;;;;;;;;;;;;;;;;;;;;;;;;;;;;;;;;;;;;;;;;;
5eaeed4dd1ce1048f0a0b640;Lancet study: No statistically significant clinical benefits of <b>remdesivir</b> in COVID patients;2020-04-30T01:00:38;;;;;;;;;;;;;;;;;;;;;;;;;;;;;;;;;;;;;;;;;;;;;;;;;;;
5eaeed4dd1ce1048f0a0b63f;US may approve emergency use of Ebola drug <b>remdesivir</b> TODAY;2020-04-30T01:06:51;;;;;;;;;;;;;;;;;;;;;;;;;;;;;;;;;;;;;;;;;;;;;;;;;;;
5eaeed4dd1ce1048f0a0b63e;Early trial results for <b>remdesivir</b> show promise;2020-04-30T01:34:32;;;;;;;;;;;;;;;;;;;;;;;;;;;;;;;;;;;;;;;;;;;;;;;;;;;
5eaeed4dd1ce1048f0a0b63d;<b>Remdesivir</b> may be in the US market by fall under a best-case scenario;2020-04-30T02:53:00;;;;;;;;;;;;;;;;;;;;;;;;;;;;;;;;;;;;;;;;;;;;;;;;;;;
5eaeed4dd1ce1048f0a0b63c;Experimental Drug <b>Remdesivir</b> Expected To Be 'New;2020-04-30T02:54:07;;;;;;;;;;;;;;;;;;;;;;;;;;;;;;;;;;;;;;;;;;;;;;;;;;;
5eaeed4dd1ce1048f0a0b63b;Antiviral drug <b>remdesivir</b> could hold promise in fight against Covid-19: Study;2020-04-30T03:13:07;;;;;;;;;;;;;;;;;;;;;;;;;;;;;;;;;;;;;;;;;;;;;;;;;;;
5eaeed4dd1ce1048f0a0b63a;<b>Remdesivir</b> drug shows 'clear-cut' effect in treating coronavirus  says U.S.;2020-04-30T03:52:36;;;;;;;;;;;;;;;;;;;;;;;;;;;;;;;;;;;;;;;;;;;;;;;;;;;
5eaeed4dd1ce1048f0a0b639;Coronavirus updates: Gilead <b>remdesivir</b>  strokes in young people;2020-04-30T04:38:59;;;;;;;;;;;;;;;;;;;;;;;;;;;;;;;;;;;;;;;;;;;;;;;;;;;
5eaeed4dd1ce1048f0a0b638;Fauci Says Drug <b>Remdesivir</b> Shows 'Clear' Promise Treating COVID-19;2020-04-30T04:55:48;;;;;;;;;;;;;;;;;;;;;;;;;;;;;;;;;;;;;;;;;;;;;;;;;;;
5eaeed4dd1ce1048f0a0b637;Gilead's <b>remdesivir</b> will set new standard of care for coronavirus treatment: Dr. Fauci [Video];2020-04-30T19:08:59;;;;;;;;;;;;;;;;;;;;;;;;;;;;;;;;;;;;;;;;;;;;;;;;;;;
5eaeed4dd1ce1048f0a0b636;50% of Covid-19 patients treated with <b>Remdesivir</b> showed positive results: US team;2020-04-30T07:36:40;;;;;;;;;;;;;;;;;;;;;;;;;;;;;;;;;;;;;;;;;;;;;;;;;;;
5eaeed4dd1ce1048f0a0b635;Until we have a vaccine for coronavirus  treatments like <b>remdesivir</b> are our only hope;2020-04-30T08:16:22;;;;;;;;;;;;;;;;;;;;;;;;;;;;;;;;;;;;;;;;;;;;;;;;;;;
5eaeed4dd1ce1048f0a0b634;FDA will reportedly authorize use of <b>remdesivir</b> for Covid-19 after trial shows 'positive effect' on recovery time;2020-04-30T09:03:42;;;;;;;;;;;;;;;;;;;;;;;;;;;;;;;;;;;;;;;;;;;;;;;;;;;
5eaeed4dd1ce1048f0a0b633;"Why Gilead's coronavirus drug is not a ""silver bullet""";2020-04-30T09:15:27;;;;;;;;;;;;;;;;;;;;;;;;;;;;;;;;;;;;;;;;;;;;;;;;;;;
5eaeed4dd1ce1048f0a0b632;President Trump and Dr. Fauci tout promising results in <b>remdesivir</b> drug trial;2020-04-30T10:00:26;;;;;;;;;;;;;;;;;;;;;;;;;;;;;;;;;;;;;;;;;;;;;;;;;;;
5eaeed4dd1ce1048f0a0b631;5 things to know for April 30: Coronavirus  <b>remdesivir</b>  economy  White House  Iran;2020-04-30T10:15:46;;;;;;;;;;;;;;;;;;;;;;;;;;;;;;;;;;;;;;;;;;;;;;;;;;;
5eaeed4dd1ce1048f0a0b630;Coronavirus: New study slams <b>Remdesivir</b> 'wonder drug' claims;2020-04-30T10:28:00;;;;;;;;;;;;;;;;;;;;;;;;;;;;;;;;;;;;;;;;;;;;;;;;;;;
5eaeed4dd1ce1048f0a0b62f;<b>Remdesivir</b> trial shows it is an effective;2020-04-30T11:04:24;;;;;;;;;;;;;;;;;;;;;;;;;;;;;;;;;;;;;;;;;;;;;;;;;;;
5eaeed4dd1ce1048f0a0b62e;Dr. Fauci: <b>Remdesivir</b> Not 'Total Answer' but 'Important First Step';2020-04-30T12:19:48;;;;;;;;;;;;;;;;;;;;;;;;;;;;;;;;;;;;;;;;;;;;;;;;;;;
5eaeed4dd1ce1048f0a0b62d;Gilead reports early positive data in <b>remdesivir</b> studies as COVID-19 drug  though Chinese trial sees no benefit;2020-04-30T12:36:00;;;;;;;;;;;;;;;;;;;;;;;;;;;;;;;;;;;;;;;;;;;;;;;;;;;
5eaeed4dd1ce1048f0a0b62c;Fauci optimistic about <b>remdesivir</b> as COVID-19 treatment;2020-04-30T12:38:00;;;;;;;;;;;;;;;;;;;;;;;;;;;;;;;;;;;;;;;;;;;;;;;;;;;
5eaeed4cd1ce1048f0a0b62b;Gilead vows to increase <b>remdesivir</b> supply to fight coronavirus;2020-04-30T12:54:23;;;;;;;;;;;;;;;;;;;;;;;;;;;;;;;;;;;;;;;;;;;;;;;;;;;
5eaeed4cd1ce1048f0a0b62a;Drug <b>remdesivir</b> shows promise as possible coronavirus treatment;2020-04-30T12:55:48;;;;;;;;;;;;;;;;;;;;;;;;;;;;;;;;;;;;;;;;;;;;;;;;;;;
5eaeed4cd1ce1048f0a0b629;Coronavirus: <b>Remdesivir</b> antiviral drug reduces;2020-04-30T13:06:38;;;;;;;;;;;;;;;;;;;;;;;;;;;;;;;;;;;;;;;;;;;;;;;;;;;
5eaeed4cd1ce1048f0a0b628;Gilead's <b>Remdesivir</b> Shows Promise but Not a 'Silver Bullet';2020-04-30T13:42:09;;;;;;;;;;;;;;;;;;;;;;;;;;;;;;;;;;;;;;;;;;;;;;;;;;;
5eaeed4cd1ce1048f0a0b627;Gilead Once Again Attempts to Prove <b>Remdesivir</b> is;2020-04-30T14:55:24;;;;;;;;;;;;;;;;;;;;;;;;;;;;;;;;;;;;;;;;;;;;;;;;;;;
5eaeed4cd1ce1048f0a0b626;Hopes rise on coronavirus drug '<b>Remdesivir</b>';2020-04-30T15:03:00;;;;;;;;;;;;;;;;;;;;;;;;;;;;;;;;;;;;;;;;;;;;;;;;;;;
5eaeed4cd1ce1048f0a0b625;Lead investigator on <b>remdesivir</b> study: 'Significant step' forward but much more work needed;2020-04-30T15:58:46;;;;;;;;;;;;;;;;;;;;;;;;;;;;;;;;;;;;;;;;;;;;;;;;;;;
5eaeed4cd1ce1048f0a0b624;Why Dr. Fauci is optimistic about <b>remdesivir</b> as treatment for COVID-19;2020-04-30T17:56:21;;;;;;;;;;;;;;;;;;;;;;;;;;;;;;;;;;;;;;;;;;;;;;;;;;;
5eaeed4cd1ce1048f0a0b623;Coronavirus treatment: Gilead's <b>remdesivir</b> combination research;2020-04-30T19:39:00;;;;;;;;;;;;;;;;;;;;;;;;;;;;;;;;;;;;;;;;;;;;;;;;;;;
5eaeed4cd1ce1048f0a0b622;Gilead spending $50 million to test and manufacture coronavirus drug candidate <b>remdesivir</b>;2020-04-30T22:24:00;;;;;;;;;;;;;;;;;;;;;;;;;;;;;;;;;;;;;;;;;;;;;;;;;;;
5eaeed4cd1ce1048f0a0b621;FDA clears Gilead's emergency coronavirus treatment <b>remdesivir</b>;2020-05-01T00:00:00;;;;;;;;;;;;;;;;;;;;;;;;;;;;;;;;;;;;;;;;;;;;;;;;;;;
5eaeed4cd1ce1048f0a0b620;U.S. Official 'Hopeful' <b>Remdesivir</b> Could Treat Coronavirus (VIDEO);2020-03-30T17:16:11;;;;;;;;;;;;;;;;;;;;;;;;;;;;;;;;;;;;;;;;;;;;;;;;;;;
5eaeed4cd1ce1048f0a0b61f;UCLA is part of NIH-sponsored clinical trial for possible COVID-19 therapies;2020-04-03T00:00:00;;;;;;;;;;;;;;;;;;;;;;;;;;;;;;;;;;;;;;;;;;;;;;;;;;;
5eaeed4cd1ce1048f0a0b61e;Dr. Aneesh Mehta: 'A lot of reasons to be optimistic' about drug <b>remdesivir</b>;2020-04-06T02:23:40;;;;;;;;;;;;;;;;;;;;;;;;;;;;;;;;;;;;;;;;;;;;;;;;;;;
5eaeed4cd1ce1048f0a0b61d;Coronavirus patients rush to join studies for experimental drug <b>remdesivir</b>;2020-04-06T15:34:24;;;;;;;;;;;;;;;;;;;;;;;;;;;;;;;;;;;;;;;;;;;;;;;;;;;
5eaeed4cd1ce1048f0a0b61c;Covid-19: 1.5mn doses of <b>remdesivir</b> ready for compassionate use  clinical trials;2020-04-07T04:08:00;;;;;;;;;;;;;;;;;;;;;;;;;;;;;;;;;;;;;;;;;;;;;;;;;;;
5eaeed4cd1ce1048f0a0b61b;<b>Remdesivir</b>  Gilead drug  has coronavirus patients rushing to join studies;2020-04-06T23:18:32;;;;;;;;;;;;;;;;;;;;;;;;;;;;;;;;;;;;;;;;;;;;;;;;;;;
5eaeed4cd1ce1048f0a0b61a;In war against coronavirus  researchers fast-track tests of Ebola drug;2020-04-07T06:44:55;;;;;;;;;;;;;;;;;;;;;;;;;;;;;;;;;;;;;;;;;;;;;;;;;;;
5eaeed4cd1ce1048f0a0b619;Iowa patients in clinical trial of possible COVID-19 treatment;2020-04-07T15:28:48;;;;;;;;;;;;;;;;;;;;;;;;;;;;;;;;;;;;;;;;;;;;;;;;;;;
5eaeed4cd1ce1048f0a0b618;Why <b>Remdesivir</b> and Hydroxychloroquine for COVID-19?;2020-04-08T08:52:48;;;;;;;;;;;;;;;;;;;;;;;;;;;;;;;;;;;;;;;;;;;;;;;;;;;
5eaeed4cd1ce1048f0a0b617;How the military secured experimental Covid-19 drug <b>remdesivir</b>  Quartz;2020-04-09T23:13:06;;;;;;;;;;;;;;;;;;;;;;;;;;;;;;;;;;;;;;;;;;;;;;;;;;;
5eaeed4cd1ce1048f0a0b616;Early Experience With <b>Remdesivir</b> To Treat Severe COVID-19 Published;2020-04-10T00:00:00;;;;;;;;;;;;;;;;;;;;;;;;;;;;;;;;;;;;;;;;;;;;;;;;;;;
5eaeed4cd1ce1048f0a0b615;Data on 53 Patients Treated With Investigational Antiviral <b>Remdesivir</b> Through the Compassionate Use Program Published in New England Journal of Medicine;2020-04-11T05:40:36;;;;;;;;;;;;;;;;;;;;;;;;;;;;;;;;;;;;;;;;;;;;;;;;;;;
5eaeed4cd1ce1048f0a0b614;Coronavirus treatments: New studies on drugs hydroxychloroquine and <b>remdesivir</b>;2020-04-11T21:40:00;;;;;;;;;;;;;;;;;;;;;;;;;;;;;;;;;;;;;;;;;;;;;;;;;;;
5eaeed4cd1ce1048f0a0b613;What Do Early <b>Remdesivir</b> Data Suggest?;2020-04-12T00:00:00;;;;;;;;;;;;;;;;;;;;;;;;;;;;;;;;;;;;;;;;;;;;;;;;;;;
5eaeed4cd1ce1048f0a0b612;Data shows two thirds of Covid-19 patients improved after <b>remdesivir</b> treatment;2020-04-12T05:04:16;;;;;;;;;;;;;;;;;;;;;;;;;;;;;;;;;;;;;;;;;;;;;;;;;;;
5eaeed4cd1ce1048f0a0b611;Gilead drug <b>remdesivir</b> improves 68% COVID-19 patients: Study;2020-04-12T18:30:00;;;;;;;;;;;;;;;;;;;;;;;;;;;;;;;;;;;;;;;;;;;;;;;;;;;
5eaeed4cd1ce1048f0a0b610;Is <b>remdesivir</b> the answer to defeat coronavirus?;2020-04-15T03:05:52;;;;;;;;;;;;;;;;;;;;;;;;;;;;;;;;;;;;;;;;;;;;;;;;;;;
5eaeed4cd1ce1048f0a0b60f;Covid-19 Vaccine Speculators Whipsawed by <b>Remdesivir</b> Clinical Trial Results;2020-04-16T00:00:00;;;;;;;;;;;;;;;;;;;;;;;;;;;;;;;;;;;;;;;;;;;;;;;;;;;
5eaeed4cd1ce1048f0a0b60e;Could <b>remdesivir</b> treat COVID-19? One mans recovery offers hope;2020-04-15T12:23:35;;;;;;;;;;;;;;;;;;;;;;;;;;;;;;;;;;;;;;;;;;;;;;;;;;;
5eaeed4cd1ce1048f0a0b60d;<b>Remdesivir</b> improved majority of patients hospitalized with severe COVID-19;2020-04-16T20:20:07;;;;;;;;;;;;;;;;;;;;;;;;;;;;;;;;;;;;;;;;;;;;;;;;;;;
5eaeed4cd1ce1048f0a0b60c;Is <b>remdesivir</b> the drug that can kill the coronavirus?;2020-04-17T00:00:00;;;;;;;;;;;;;;;;;;;;;;;;;;;;;;;;;;;;;;;;;;;;;;;;;;;
5eaeed4cd1ce1048f0a0b60b;Report: COVID-19 patients are responding quickly to experimental drug <b>remdesivir</b>;2020-04-17T02:17:00;;;;;;;;;;;;;;;;;;;;;;;;;;;;;;;;;;;;;;;;;;;;;;;;;;;
5eaeed4cd1ce1048f0a0b60a;Experimental Coronavirus Drug <b>Remdesivir</b> Shows Promise In Chicago Trial;2020-04-17T04:13:53;;;;;;;;;;;;;;;;;;;;;;;;;;;;;;;;;;;;;;;;;;;;;;;;;;;
5eaeed4cd1ce1048f0a0b609;Report says COVID-19 patients respond to Gilead's <b>remdesivir</b>  shares surge;2020-04-17T05:41:46;;;;;;;;;;;;;;;;;;;;;;;;;;;;;;;;;;;;;;;;;;;;;;;;;;;
5eaeed4cd1ce1048f0a0b608;Gileads <b>Remdesivir</b> Can Hardly Live Up to the Hype;2020-04-17T06:02:16;;;;;;;;;;;;;;;;;;;;;;;;;;;;;;;;;;;;;;;;;;;;;;;;;;;
5eaeed4cd1ce1048f0a0b607;<b>Remdesivir</b> Eases Covid-19 Symptoms in Monkeys in 12 Hours  Small Preliminary Study Shows;2020-04-17T12:39:47;;;;;;;;;;;;;;;;;;;;;;;;;;;;;;;;;;;;;;;;;;;;;;;;;;;
5eaeed4cd1ce1048f0a0b606;What is <b>Remdesivir</b>? Gilead drug raises hopes of coronavirus cure as patients recover quickly  The Sun;2020-04-17T15:18:33;;;;;;;;;;;;;;;;;;;;;;;;;;;;;;;;;;;;;;;;;;;;;;;;;;;
5eaeed4cd1ce1048f0a0b605;Friday Morning Constitutional: A Second <b>Remdesivir</b> Trial Shows Promise;2020-04-17T16:05:49;;;;;;;;;;;;;;;;;;;;;;;;;;;;;;;;;;;;;;;;;;;;;;;;;;;
5eaeed4cd1ce1048f0a0b604;<b>Remdesivir</b>: Everything You Need to Know;2020-04-17T18:49:05;;;;;;;;;;;;;;;;;;;;;;;;;;;;;;;;;;;;;;;;;;;;;;;;;;;
5eaeed4cd1ce1048f0a0b603;Bronx Clinical Trial Exmaines <b>Remdesivir</b> Coronavirus Impact;2020-04-17T23:04:00;;;;;;;;;;;;;;;;;;;;;;;;;;;;;;;;;;;;;;;;;;;;;;;;;;;
5eaeed4cd1ce1048f0a0b602;"Harvard doctor: Slow your roll on that ""miracle drug"" <b>remdesivir</b>";2020-04-17T23:21:22;;;;;;;;;;;;;;;;;;;;;;;;;;;;;;;;;;;;;;;;;;;;;;;;;;;
5eaeed4cd1ce1048f0a0b601;WARMINGTON: Anti-viral drug <b>remdesivir</b> offers new hope;2020-04-18T00:07:23;;;;;;;;;;;;;;;;;;;;;;;;;;;;;;;;;;;;;;;;;;;;;;;;;;;
5eaeed4cd1ce1048f0a0b600;Gilead increases enrollment target for <b>remdesivir</b> trial in COVID-19 patients;2020-04-18T00:10:23;;;;;;;;;;;;;;;;;;;;;;;;;;;;;;;;;;;;;;;;;;;;;;;;;;;
5eaeed4cd1ce1048f0a0b5ff;Early tests show <b>remdesivir</b> might be effective against COVID-19;2020-04-18T02:56:09;;;;;;;;;;;;;;;;;;;;;;;;;;;;;;;;;;;;;;;;;;;;;;;;;;;
5eaeed4cd1ce1048f0a0b5fe;Experimental Virus Drug <b>Remdesivir</b> Effective In Monkeys: Study;2020-04-18T08:27:00;;;;;;;;;;;;;;;;;;;;;;;;;;;;;;;;;;;;;;;;;;;;;;;;;;;
5eaeed4cd1ce1048f0a0b5fd;USA  ASIA COVID-19: anti-viral drug <b>remdesivir</b> effective on monkeys and people;2020-04-18T10:33:00;;;;;;;;;;;;;;;;;;;;;;;;;;;;;;;;;;;;;;;;;;;;;;;;;;;
5eaeed4cd1ce1048f0a0b5fc;Coronavirus Pandemic: Gilead's <b>Remdesivir</b> Clinical Trials Inconclusive;2020-04-18T21:10:24;;;;;;;;;;;;;;;;;;;;;;;;;;;;;;;;;;;;;;;;;;;;;;;;;;;
5eaeed4cd1ce1048f0a0b5fb;COVID-19 patients recovering quickly after getting experimental drug <b>remdesivir</b>: report;2020-04-19T14:52:21;;;;;;;;;;;;;;;;;;;;;;;;;;;;;;;;;;;;;;;;;;;;;;;;;;;
5eaeed4cd1ce1048f0a0b5fa;Why <b>remdesivir</b> might be a good bet against Covid-19;2020-04-20T14:45:13;;;;;;;;;;;;;;;;;;;;;;;;;;;;;;;;;;;;;;;;;;;;;;;;;;;
5eaeed4bd1ce1048f0a0b5f9;WHAT Is <b>REMDESIVIR</b> AND DOES IT WORK AGAINST CORONAVIRUS?;2020-04-21T20:21:33;;;;;;;;;;;;;;;;;;;;;;;;;;;;;;;;;;;;;;;;;;;;;;;;;;;
5eaeed4bd1ce1048f0a0b5f8;BREAKING: Gileads <b>Remdesivir</b> failed in clinical trial  did not improve coronavirus patients condition  WHO document shows;2020-04-23T17:05:50;;;;;;;;;;;;;;;;;;;;;;;;;;;;;;;;;;;;;;;;;;;;;;;;;;;
5eaeed4bd1ce1048f0a0b5f7;Hope For Covid-19 Treatment  Gilead's Antiviral <b>Remdesivir</b>  Flops in First Human Trial: Report;2020-04-23T17:28:50;;;;;;;;;;;;;;;;;;;;;;;;;;;;;;;;;;;;;;;;;;;;;;;;;;;
5eaeed4bd1ce1048f0a0b5f6;Stock Alert: Concrete Pumping Holdings Up 20%;2020-04-23T15:14:36;;;;;;;;;;;;;;;;;;;;;;;;;;;;;;;;;;;;;;;;;;;;;;;;;;;
5eaeed4bd1ce1048f0a0b5f5;Gilead Sciences Stock Sinks as Accidentally Released <b>Remdesivir</b> Data Suggests Not a Silver Bullet;2020-04-23T18:07:00;;;;;;;;;;;;;;;;;;;;;;;;;;;;;;;;;;;;;;;;;;;;;;;;;;;
5eaeed4bd1ce1048f0a0b5f4;Gilead's hopeful Covid drug <b>remdesivir</b> failed  errantly posted WHO report says;2020-04-23T22:20:44;;;;;;;;;;;;;;;;;;;;;;;;;;;;;;;;;;;;;;;;;;;;;;;;;;;
5eaeed4bd1ce1048f0a0b5f3;Covid-19: Experimental drug <b>remdesivir</b> may have failed in human trial  report shows;2020-04-24T00:37:00;;;;;;;;;;;;;;;;;;;;;;;;;;;;;;;;;;;;;;;;;;;;;;;;;;;
5eaeed4bd1ce1048f0a0b5f2;Gilead drug <b>remdesivir</b> shows uneven results in treating coronavirus;2020-04-24T01:30:41;;;;;;;;;;;;;;;;;;;;;;;;;;;;;;;;;;;;;;;;;;;;;;;;;;;
5eaeed4bd1ce1048f0a0b5f1;Experimental coronavirus drug <b>remdesivir</b> fails in first human trial;2020-04-24T13:49:03;;;;;;;;;;;;;;;;;;;;;;;;;;;;;;;;;;;;;;;;;;;;;;;;;;;
5eaeed4bd1ce1048f0a0b5f0;Experimental virus drug <b>remdesivir</b> failed in human trial: reports  Ya Libnan;2020-04-24T02:35:38;;;;;;;;;;;;;;;;;;;;;;;;;;;;;;;;;;;;;;;;;;;;;;;;;;;
5eaeed4bd1ce1048f0a0b5ef;Potential Covid-19 Drug <b>Remdesivir</b> Fails First Human Trail;2020-04-24T03:20:16;;;;;;;;;;;;;;;;;;;;;;;;;;;;;;;;;;;;;;;;;;;;;;;;;;;
5eaeed4bd1ce1048f0a0b5ee;Experimental Coronavirus Drug <b>Remdesivir</b> Fails In Human Trial: Report;2020-04-24T08:59:33;;;;;;;;;;;;;;;;;;;;;;;;;;;;;;;;;;;;;;;;;;;;;;;;;;;
5eaeed4bd1ce1048f0a0b5ed;Experimental Covid-19 treatment drug <b>remdesivir</b> failed in human trial  leaked results show;2020-04-24T09:39:06;;;;;;;;;;;;;;;;;;;;;;;;;;;;;;;;;;;;;;;;;;;;;;;;;;;
5eaeed4bd1ce1048f0a0b5ec;Not Effective for Coronavirus Patients;2020-04-24T12:27:54;;;;;;;;;;;;;;;;;;;;;;;;;;;;;;;;;;;;;;;;;;;;;;;;;;;
5eaeed4bd1ce1048f0a0b5eb;Morningstar Community;2020-04-23T21:38:48.087;;;;;;;;;;;;;;;;;;;;;;;;;;;;;;;;;;;;;;;;;;;;;;;;;;;
5eaeed4bd1ce1048f0a0b5ea;Baird Analyst Says 'Don't Give Up' Yet On Gilead's <b>Remdesivir</b>;2020-04-24T13:50:54;;;;;;;;;;;;;;;;;;;;;;;;;;;;;;;;;;;;;;;;;;;;;;;;;;;
5eaeed4bd1ce1048f0a0b5e9;<b>Remdesivir</b> Is No Silver Bullet Against Coronavirus  Company Halts Trial;2020-04-24T14:48:00;;;;;;;;;;;;;;;;;;;;;;;;;;;;;;;;;;;;;;;;;;;;;;;;;;;
5eaeed4bd1ce1048f0a0b5e8;Experimental Virus Drug <b>Remdesivir</b> Failed in Human Trial;2020-04-24T17:37:13;;;;;;;;;;;;;;;;;;;;;;;;;;;;;;;;;;;;;;;;;;;;;;;;;;;
5eaeed4bd1ce1048f0a0b5e7;Premature Posting of <b>Remdesivir</b> Findings Were Inconclusive --Doctors Lounge;2020-04-24T22:00:00;;;;;;;;;;;;;;;;;;;;;;;;;;;;;;;;;;;;;;;;;;;;;;;;;;;
5eaeed4bd1ce1048f0a0b5e6;Gilead Sciences Disputes Claim That <b>Remdesivir</b> Failed in a COVID-19 Trial;2020-04-27T17:13:00;;;;;;;;;;;;;;;;;;;;;;;;;;;;;;;;;;;;;;;;;;;;;;;;;;;
5eaeed4bd1ce1048f0a0b5e5;First <b>remdesivir</b> results results aren't too promising  but things are far from clear;2020-04-27T22:10:00;;;;;;;;;;;;;;;;;;;;;;;;;;;;;;;;;;;;;;;;;;;;;;;;;;;
5eaeed4bd1ce1048f0a0b5e4;US says <b>Remdesivir</b> shows obvious impact in treating coronavirus  Sports Club;2020-04-29T23:00:32;;;;;;;;;;;;;;;;;;;;;;;;;;;;;;;;;;;;;;;;;;;;;;;;;;;
5eaeed4bd1ce1048f0a0b5e3;Gilead's anti-viral drug <b>Remdesivir</b> succeeds in coronavirus treatment trial  company says medicine will prove helpful if given early;2020-04-29T14:07:22;;;;;;;;;;;;;;;;;;;;;;;;;;;;;;;;;;;;;;;;;;;;;;;;;;;
5eaeed4bd1ce1048f0a0b5e2;Antiviral drug <b>remdesivir</b> in COVID-19 treatment shows positive results;2020-04-29T19:15:53;;;;;;;;;;;;;;;;;;;;;;;;;;;;;;;;;;;;;;;;;;;;;;;;;;;
5eaeed4bd1ce1048f0a0b5e1;Gilead building a geographically diverse consortium to address <b>remdesivir</b> supplies;2020-04-29T12:33:59;;;;;;;;;;;;;;;;;;;;;;;;;;;;;;;;;;;;;;;;;;;;;;;;;;;
5eaeed4bd1ce1048f0a0b5e0;Gilead Aware of Positive Data From Study of <b>Remdesivirs</b> Effects Against COVID-19;2020-04-29T13:01:20;;;;;;;;;;;;;;;;;;;;;;;;;;;;;;;;;;;;;;;;;;;;;;;;;;;
5eaeed4bd1ce1048f0a0b5df;Gilead Says Shorter <b>Remdesivir</b> Regimen Is Effective And Drug Met Primary Endpoint In Government Study;2020-04-29T13:02:03;;;;;;;;;;;;;;;;;;;;;;;;;;;;;;;;;;;;;;;;;;;;;;;;;;;
5eaeed4bd1ce1048f0a0b5de;Ebola Drug <b>Remdesivir</b> for COVID-19 Treatment: Conflicting Evidence for the Drugs Efficiency Against Novel Coronavirus  What We Know so Far;2020-04-30T09:55:10;;;;;;;;;;;;;;;;;;;;;;;;;;;;;;;;;;;;;;;;;;;;;;;;;;;
5eaeed4bd1ce1048f0a0b5dd;Are the big banks starting to hire again?;2020-04-30T10:22:00;;;;;;;;;;;;;;;;;;;;;;;;;;;;;;;;;;;;;;;;;;;;;;;;;;;
5eaeed4bd1ce1048f0a0b5dc;Data on Gilead drug raises hopes in pandemic fight  Fauci calls it 'highly significant';2020-04-30T01:56:26;;;;;;;;;;;;;;;;;;;;;;;;;;;;;;;;;;;;;;;;;;;;;;;;;;;
5eaeed4bd1ce1048f0a0b5db;Making Sense of the Coronavirus Headlines: <b>Remdesivir</b>  Vaccine Odds  and NYC Herd Immunity   National Emerging Infectious Diseases Laboratories;2020-04-29T13:56:43;;;;;;;;;;;;;;;;;;;;;;;;;;;;;;;;;;;;;;;;;;;;;;;;;;;
5eaeed4bd1ce1048f0a0b5da;Gilead's <b>remdesivir</b> coronavirus treatment trial reports positive results;2020-04-29T14:12:19;;;;;;;;;;;;;;;;;;;;;;;;;;;;;;;;;;;;;;;;;;;;;;;;;;;
5eaeed4bd1ce1048f0a0b5d9;Coronavirus: Gilead says <b>remdesivir</b> trial showed positive results with early treatment  Silicon Valley;2020-04-29T14:23:23;;;;;;;;;;;;;;;;;;;;;;;;;;;;;;;;;;;;;;;;;;;;;;;;;;;
5eaeed4bd1ce1048f0a0b5d8;Coronavirus: Gilead says <b>remdesivir</b> trial shows positive results;2020-04-29T14:23:23;;;;;;;;;;;;;;;;;;;;;;;;;;;;;;;;;;;;;;;;;;;;;;;;;;;
5eaeed4bd1ce1048f0a0b5d7;Gilead Sciences says <b>remdesivir</b> drug proved effective against virus in U.S. study;2020-04-29T14:36:26.656;;;;;;;;;;;;;;;;;;;;;;;;;;;;;;;;;;;;;;;;;;;;;;;;;;;
5eaeed4bd1ce1048f0a0b5d6;<b>Remdesivir</b> coronavirus treatment study results: Drug effective  FDA says;2020-04-29T14:38:24.788;;;;;;;;;;;;;;;;;;;;;;;;;;;;;;;;;;;;;;;;;;;;;;;;;;;
5eaeed4bd1ce1048f0a0b5d5;Gilead says <b>remdesivir</b> proved effective against COVID-19 in study;2020-04-29T14:39:51;;;;;;;;;;;;;;;;;;;;;;;;;;;;;;;;;;;;;;;;;;;;;;;;;;;
5eaeed4bd1ce1048f0a0b5d4;<b>Remdesivir</b> Coverage :: WRAL.com;2020-04-29T14:40:48;;;;;;;;;;;;;;;;;;;;;;;;;;;;;;;;;;;;;;;;;;;;;;;;;;;
5eaeed4bd1ce1048f0a0b5d3;<b>Remdesivir</b> Shows Promising Results as a COVID-19 Treatment;2020-04-29T15:05:22;;;;;;;;;;;;;;;;;;;;;;;;;;;;;;;;;;;;;;;;;;;;;;;;;;;
5eaeed4bd1ce1048f0a0b5d2;<b>Remdesivir</b> Coronavirus Trial Shows Improvement In 50 Percent of Patients  Antivirals Manufacturer Says;2020-04-29T15:27:17;;;;;;;;;;;;;;;;;;;;;;;;;;;;;;;;;;;;;;;;;;;;;;;;;;;
5eaeed4bd1ce1048f0a0b5d1;Gilead Coronavirus Trial: <b>Remdesivir</b> Shows 5-Day COVID-19 Recovery;2020-04-29T16:05:55;;;;;;;;;;;;;;;;;;;;;;;;;;;;;;;;;;;;;;;;;;;;;;;;;;;
5eaeed4bd1ce1048f0a0b5d0;Covid-19 <b>remdesivir</b> drug trials: manufacturer says its working  but a study finds 'no benefits';2020-04-29T16:07:52;;;;;;;;;;;;;;;;;;;;;;;;;;;;;;;;;;;;;;;;;;;;;;;;;;;
5eaeed4bd1ce1048f0a0b5cf;GILD Stock: Buy Gilead Stock Because <b>Remdesivir</b> Is a Game-Changer;2020-04-29T16:31:00;;;;;;;;;;;;;;;;;;;;;;;;;;;;;;;;;;;;;;;;;;;;;;;;;;;
5eaeed4bd1ce1048f0a0b5ce;Breaking: Dr. Anthony Fauci says data from <b>remdesivir</b> coronavirus drug trial shows 'quite good news';2020-04-29T17:11:41;;;;;;;;;;;;;;;;;;;;;;;;;;;;;;;;;;;;;;;;;;;;;;;;;;;
5eaeed4bd1ce1048f0a0b5cd;WHO declines comment on <b>remdesivir</b> in COVID-19  hopes for best;2020-04-29T17:12:11;;;;;;;;;;;;;;;;;;;;;;;;;;;;;;;;;;;;;;;;;;;;;;;;;;;
5eaeed4bd1ce1048f0a0b5cc;NIH clinical trial shows <b>remdesivir</b> accelerates recovery from advanced COVID-19;2020-04-29T17:15:20;;;;;;;;;;;;;;;;;;;;;;;;;;;;;;;;;;;;;;;;;;;;;;;;;;;
5eaeed4bd1ce1048f0a0b5cb;<b>Remdesivir</b> proved effective against coronavirus in U.S. study  Gilead Sciences reports;2020-04-29T17:50:00;;;;;;;;;;;;;;;;;;;;;;;;;;;;;;;;;;;;;;;;;;;;;;;;;;;
5eaeed4bd1ce1048f0a0b5ca;Coronavirus: FDA to announce emergency use of experimental drug <b>remdesivir</b> after 'very optimistic' study;2020-04-29T18:14:36;;;;;;;;;;;;;;;;;;;;;;;;;;;;;;;;;;;;;;;;;;;;;;;;;;;
5eaeed4bd1ce1048f0a0b5c9;Early data from NIAID study of Gilead's <b>remdesivir</b> in Covid-19 shows improved disease recovery time;2020-04-29T18:39:37;;;;;;;;;;;;;;;;;;;;;;;;;;;;;;;;;;;;;;;;;;;;;;;;;;;
5eaeed4bd1ce1048f0a0b5c8;First effective coronavirus treatment has been found and is set to be approved for patient use;2020-04-29T18:44:03;;;;;;;;;;;;;;;;;;;;;;;;;;;;;;;;;;;;;;;;;;;;;;;;;;;
5eaeed49d1ce1048f0a0b5c7;US Says <b>Remdesivir</b> Shows 'Clear-cut' Effect In Treating Coronavirus;2020-04-29T18:50:55;;;;;;;;;;;;;;;;;;;;;;;;;;;;;;;;;;;;;;;;;;;;;;;;;;;
5eaeed49d1ce1048f0a0b5c6;NYT: FDA may grant emergency authorization to Gilead's <b>remdesivir</b>;2020-04-29T19:24:08;;;;;;;;;;;;;;;;;;;;;;;;;;;;;;;;;;;;;;;;;;;;;;;;;;;
5eaeed49d1ce1048f0a0b5c5;Antiviral drug <b>remdesivir</b> shortens time to recover from pandemic virus  top U.S. health official says;2020-04-29T19:34:21;;;;;;;;;;;;;;;;;;;;;;;;;;;;;;;;;;;;;;;;;;;;;;;;;;;
5eaeed49d1ce1048f0a0b5c4;'A drug can block coronavirus': Gilead's <b>remdesivir</b> raises hopes;2020-04-29T19:38:00;;;;;;;;;;;;;;;;;;;;;;;;;;;;;;;;;;;;;;;;;;;;;;;;;;;
5eaeed49d1ce1048f0a0b5c3;Experimental drug <b>remdesivir</b> proves effective against coronavirus in U.S. study  Daily Breeze;2020-04-29T19:41:41;;;;;;;;;;;;;;;;;;;;;;;;;;;;;;;;;;;;;;;;;;;;;;;;;;;
5eaeed49d1ce1048f0a0b5c2;US says <b>Remdesivir</b> shows clear-cut effect in treating coronavirus;2020-04-29T19:58:07;;;;;;;;;;;;;;;;;;;;;;;;;;;;;;;;;;;;;;;;;;;;;;;;;;;
5eaeed49d1ce1048f0a0b5c1;GDP and Fed Were Nothing New: Gilead Powered Wall Street Higher;2020-04-29T20:22:29;;;;;;;;;;;;;;;;;;;;;;;;;;;;;;;;;;;;;;;;;;;;;;;;;;;
5eaeed49d1ce1048f0a0b5c0;<b>Remdesivir</b> may change the fight against coronavirus;2020-04-29T20:31:17;;;;;;;;;;;;;;;;;;;;;;;;;;;;;;;;;;;;;;;;;;;;;;;;;;;
5eaeed49d1ce1048f0a0b5bf;FDA might grant emergency approval of <b>remdesivir</b> for COVID-19;2020-04-29T20:48:01;;;;;;;;;;;;;;;;;;;;;;;;;;;;;;;;;;;;;;;;;;;;;;;;;;;
5eaeed49d1ce1048f0a0b5be;Who owns <b>remdesivir</b>  how much can they make  and how much does it cost?;2020-04-29T20:50:11;;;;;;;;;;;;;;;;;;;;;;;;;;;;;;;;;;;;;;;;;;;;;;;;;;;
5eaeed49d1ce1048f0a0b5bd;FDA Rolls Out Emergency Compassionate Use Authorization For <b>Remdesivir</b>;2020-04-29T20:58:46;;;;;;;;;;;;;;;;;;;;;;;;;;;;;;;;;;;;;;;;;;;;;;;;;;;
5eaeed49d1ce1048f0a0b5bc;Dr. Gupta on the potential of <b>Remdesivir</b> to treat COVID-19;2020-04-29T21:25:26;;;;;;;;;;;;;;;;;;;;;;;;;;;;;;;;;;;;;;;;;;;;;;;;;;;
5eaeed49d1ce1048f0a0b5bb;<b>Remdesivir</b>  Coronavirus  Met Gala: Your Wednesday Evening Briefing;2020-04-29T21:51:05;;;;;;;;;;;;;;;;;;;;;;;;;;;;;;;;;;;;;;;;;;;;;;;;;;;
5eaeed49d1ce1048f0a0b5ba;<b>Remdesivir</b>: New findings on coronavirus drug 'highly significant';2020-04-29T21:51:57;;;;;;;;;;;;;;;;;;;;;;;;;;;;;;;;;;;;;;;;;;;;;;;;;;;
5eaeed49d1ce1048f0a0b5b9;Stock markets are surging  but has this rebound come too far  too fast?;2020-04-29T21:56:37;;;;;;;;;;;;;;;;;;;;;;;;;;;;;;;;;;;;;;;;;;;;;;;;;;;
5eaeed49d1ce1048f0a0b5b8;<b>Remdesivir</b>: early findings on experimental coronavirus drug offer 'quite good news';2020-04-29T21:58:54;;;;;;;;;;;;;;;;;;;;;;;;;;;;;;;;;;;;;;;;;;;;;;;;;;;
5eaeed49d1ce1048f0a0b5b7;Gilead's <b>remdesivir</b> improves recovery time of coronavirus patients in NIH trial;2020-04-29T22:03:15;;;;;;;;;;;;;;;;;;;;;;;;;;;;;;;;;;;;;;;;;;;;;;;;;;;
5eaeed49d1ce1048f0a0b5b6;Clinical trial of <b>remdesivir</b> may be a turning point in coronavirus fight;2020-04-29T22:22:00;;;;;;;;;;;;;;;;;;;;;;;;;;;;;;;;;;;;;;;;;;;;;;;;;;;
5eaeed49d1ce1048f0a0b5b5;Could <b>Remdesivir</b> Be First Approved Coronavirus Treatment?;2020-04-29T22:24:04.977;;;;;;;;;;;;;;;;;;;;;;;;;;;;;;;;;;;;;;;;;;;;;;;;;;;
5eaeed49d1ce1048f0a0b5b4;Antiviral Drug <b>Remdesivir</b> Shows Promise For Treating Coronavirus In NIH Study;2020-04-29T22:25:00;;;;;;;;;;;;;;;;;;;;;;;;;;;;;;;;;;;;;;;;;;;;;;;;;;;
5eaeed49d1ce1048f0a0b5b3;Data on drug <b>remdesivir</b> raises hopes in COVID-19 fight;2020-04-29T22:38:00;;;;;;;;;;;;;;;;;;;;;;;;;;;;;;;;;;;;;;;;;;;;;;;;;;;
5eaeed49d1ce1048f0a0b5b2;<b>Remdesivir</b> drug trials show patients are recovering from COVID-19;2020-04-29T22:42:54;;;;;;;;;;;;;;;;;;;;;;;;;;;;;;;;;;;;;;;;;;;;;;;;;;;
5eaeed49d1ce1048f0a0b5b1;<b>Remdesivir</b> takes the spotlight in the search for COVID-19 cures  GeekWire;2020-04-29T23:13:58;;;;;;;;;;;;;;;;;;;;;;;;;;;;;;;;;;;;;;;;;;;;;;;;;;;
5eaeed49d1ce1048f0a0b5b0;Put down the bleach  <b>remdesivir</b> is coming;2020-04-29T23:16:44;;;;;;;;;;;;;;;;;;;;;;;;;;;;;;;;;;;;;;;;;;;;;;;;;;;
5eaeed49d1ce1048f0a0b5af;52 Who Worked Or Voted in Wisconsin Election Have COVID-19  NBC Connecticut;2020-04-29T23:21:10;;;;;;;;;;;;;;;;;;;;;;;;;;;;;;;;;;;;;;;;;;;;;;;;;;;
5eaeed49d1ce1048f0a0b5ae;<b>Remdesivir</b> proves effective against coronavirus in major study: Weve got a drug that works  UIC researcher says;2020-04-29T23:30:16;;;;;;;;;;;;;;;;;;;;;;;;;;;;;;;;;;;;;;;;;;;;;;;;;;;
5eaeed49d1ce1048f0a0b5ad;Coronavirus Drug <b>Remdesivir</b> Shortens Recovery  But Is Not a Magic Bullet;2020-04-30T00:00:00;;;;;;;;;;;;;;;;;;;;;;;;;;;;;;;;;;;;;;;;;;;;;;;;;;;
5eaeed49d1ce1048f0a0b5ac;US study on <b>remdesivir</b> inconclusive: Health Ministry;2020-04-30T12:14:27;;;;;;;;;;;;;;;;;;;;;;;;;;;;;;;;;;;;;;;;;;;;;;;;;;;
5eaeed49d1ce1048f0a0b5ab;<b>Remdesivir</b> shows 'clear-cut' effect in treating coronavirus  says US;2020-04-30T13:06:00;;;;;;;;;;;;;;;;;;;;;;;;;;;;;;;;;;;;;;;;;;;;;;;;;;;
5eaeed49d1ce1048f0a0b5aa;<b>Remdesivir</b> Study Gives First Glimmer of Hope for a Real COVID-19 Treatment;2020-04-30T01:39:42;;;;;;;;;;;;;;;;;;;;;;;;;;;;;;;;;;;;;;;;;;;;;;;;;;;
5eaeed49d1ce1048f0a0b5a9;Hopes rise in virus battle as US scientists hail drug trial;2020-04-30T01:49:02;;;;;;;;;;;;;;;;;;;;;;;;;;;;;;;;;;;;;;;;;;;;;;;;;;;
5eaeed49d1ce1048f0a0b5a8;US says <b>Remdesivir</b> shows 'clear-cut' effect on coronavirus;2020-04-30T02:15:00;;;;;;;;;;;;;;;;;;;;;;;;;;;;;;;;;;;;;;;;;;;;;;;;;;;
5eaeed49d1ce1048f0a0b5a7;Energy Report: The Race For A Cure;2020-04-30T14:58:00;;;;;;;;;;;;;;;;;;;;;;;;;;;;;;;;;;;;;;;;;;;;;;;;;;;
5eaeed49d1ce1048f0a0b5a6;Coronavirus: Stock markets boosted by <b>remdesivir</b> drug hopes;2020-04-30T03:59:40;;;;;;;;;;;;;;;;;;;;;;;;;;;;;;;;;;;;;;;;;;;;;;;;;;;
5eaeed49d1ce1048f0a0b5a5;<b>Remdesivir</b> works! It's the first drug to show promise against coronavirus;2020-04-30T04:02:58;;;;;;;;;;;;;;;;;;;;;;;;;;;;;;;;;;;;;;;;;;;;;;;;;;;
5eaeed49d1ce1048f0a0b5a4;US says <b>remdesivir</b> shows 'clear-cut' effect in treating coronavirus;2020-04-30T04:12:14;;;;;;;;;;;;;;;;;;;;;;;;;;;;;;;;;;;;;;;;;;;;;;;;;;;
5eaeed49d1ce1048f0a0b5a3;Why coronavirus treatment drug <b>remdesivir</b> from Gilead is so important for COVID-19;2020-04-30T18:00:00;;;;;;;;;;;;;;;;;;;;;;;;;;;;;;;;;;;;;;;;;;;;;;;;;;;
5eaeed49d1ce1048f0a0b5a2;Why Gilead's <b>Remdesivir</b> trial data is significant in fight against COVID-19;2020-04-30T05:47:19;;;;;;;;;;;;;;;;;;;;;;;;;;;;;;;;;;;;;;;;;;;;;;;;;;;
5eaeed49d1ce1048f0a0b5a1;Lancet study finds no significant clinical benefits of antiviral drug <b>remdesivir</b>;2020-04-30T06:08:54;;;;;;;;;;;;;;;;;;;;;;;;;;;;;;;;;;;;;;;;;;;;;;;;;;;
5eaeed49d1ce1048f0a0b5a0;<b>remdesivir</b>: Lancet study finds no significant clinical benefits of antiviral drug <b>remdesivir</b>;2020-04-30T06:35:59;;;;;;;;;;;;;;;;;;;;;;;;;;;;;;;;;;;;;;;;;;;;;;;;;;;
5eaeed49d1ce1048f0a0b59f;Covid-19: Lancet study finds no significant clinical benefits of antiviral drug <b>remdesivir</b>;2020-04-30T06:52:03;;;;;;;;;;;;;;;;;;;;;;;;;;;;;;;;;;;;;;;;;;;;;;;;;;;
5eaeed49d1ce1048f0a0b59e;After Promising Drug Trial  Does <b>Remdesivir</b> Deserve The Hype?;2020-04-30T07:34:06;;;;;;;;;;;;;;;;;;;;;;;;;;;;;;;;;;;;;;;;;;;;;;;;;;;
5eaeed49d1ce1048f0a0b59d;<b>Remdesivir</b> and Possibility for Anti-Covid19 Drug Cocktail  NextBigFuture.com;2020-04-30T08:17:47;;;;;;;;;;;;;;;;;;;;;;;;;;;;;;;;;;;;;;;;;;;;;;;;;;;
5eaeed49d1ce1048f0a0b59c;"<b>Remdesivir</b> trial shows ""clear cut"" evidence the drug can aid Covid-19 recovery";2020-04-30T08:25:38;;;;;;;;;;;;;;;;;;;;;;;;;;;;;;;;;;;;;;;;;;;;;;;;;;;
5eaeed49d1ce1048f0a0b59b;Study shows <b>remdesivir</b> has promise as coronavirus treatment;2020-04-30T20:43:12;;;;;;;;;;;;;;;;;;;;;;;;;;;;;;;;;;;;;;;;;;;;;;;;;;;
5eaeed49d1ce1048f0a0b59a;<b>Remdesivir</b> shows 'clear-cut' effect in treating coronavirus  say US officials;2020-04-30T08:45:00;;;;;;;;;;;;;;;;;;;;;;;;;;;;;;;;;;;;;;;;;;;;;;;;;;;
5eaeed49d1ce1048f0a0b599;<b>Remdesivir</b> failed Ebola drug turns potential silver bullet for COVID-19;2020-04-30T08:53:46;;;;;;;;;;;;;;;;;;;;;;;;;;;;;;;;;;;;;;;;;;;;;;;;;;;
5eaeed49d1ce1048f0a0b598;<b>Remdesivir</b> clinical trial accelerates recovery from advanced COVID-19  NIH;2020-04-30T09:20:45;;;;;;;;;;;;;;;;;;;;;;;;;;;;;;;;;;;;;;;;;;;;;;;;;;;
5eaeed49d1ce1048f0a0b597;"Antiviral Remdesevir has ""significant effect""";2020-04-30T09:48:18;;;;;;;;;;;;;;;;;;;;;;;;;;;;;;;;;;;;;;;;;;;;;;;;;;;
5eaeed49d1ce1048f0a0b596;'This is good news': Success of <b>Remdesivir</b> in treating Covid-19 encouraging  expert says;2020-04-30T09:59:00;;;;;;;;;;;;;;;;;;;;;;;;;;;;;;;;;;;;;;;;;;;;;;;;;;;
5eaeed47d1ce1048f0a0b595;Be careful not to overstate what the limited <b>remdesivir</b> trials have shown;2020-04-30T10:00:52;;;;;;;;;;;;;;;;;;;;;;;;;;;;;;;;;;;;;;;;;;;;;;;;;;;
5eaeed47d1ce1048f0a0b594;US says <b>remdesivir</b> shows clear-cut positive effect in treating coronavirus;2020-04-30T10:11:59;;;;;;;;;;;;;;;;;;;;;;;;;;;;;;;;;;;;;;;;;;;;;;;;;;;
5eaeed47d1ce1048f0a0b593;Gottlieb: Elon Musk's calls to end lockdown reflect a 'growing sentiment';2020-04-30T11:06:00;;;;;;;;;;;;;;;;;;;;;;;;;;;;;;;;;;;;;;;;;;;;;;;;;;;
5eaeed47d1ce1048f0a0b592;What an Indian expert has to say about <b>Remdesivir</b> in Covid-19 treatment;2020-04-30T11:12:45;;;;;;;;;;;;;;;;;;;;;;;;;;;;;;;;;;;;;;;;;;;;;;;;;;;
5eaeed47d1ce1048f0a0b591;Gilead CEO: Were going to make sure <b>remdesivir</b> is accessible;2020-04-30T11:32:20;;;;;;;;;;;;;;;;;;;;;;;;;;;;;;;;;;;;;;;;;;;;;;;;;;;
5eaeed47d1ce1048f0a0b590;The Latest: 'Glimmer of hope' seen for <b>Remdesivir</b> trials;2020-04-30T13:10:26;;;;;;;;;;;;;;;;;;;;;;;;;;;;;;;;;;;;;;;;;;;;;;;;;;;
5eaeed47d1ce1048f0a0b58f;Study Shows Antiviral Drug <b>Remdesivir</b> May Help Treat Coronavirus;2020-04-30T13:29:00;;;;;;;;;;;;;;;;;;;;;;;;;;;;;;;;;;;;;;;;;;;;;;;;;;;
5eaeed47d1ce1048f0a0b58e;FDA Likely To Issue An Emergency Approval For <b>Remdesivir</b>;2020-04-30T14:24:48;;;;;;;;;;;;;;;;;;;;;;;;;;;;;;;;;;;;;;;;;;;;;;;;;;;
5eaeed47d1ce1048f0a0b58d;Coronavirus update: <b>Remdesivir</b>  Florida reopening  California beaches;2020-04-30T14:25:50;;;;;;;;;;;;;;;;;;;;;;;;;;;;;;;;;;;;;;;;;;;;;;;;;;;
5eaeed47d1ce1048f0a0b58c;<b>Remdesivir</b> could help end coronavirus lockdown despite failure of Chinese trials  scientists say;2020-04-30T14:56:00;;;;;;;;;;;;;;;;;;;;;;;;;;;;;;;;;;;;;;;;;;;;;;;;;;;
5eaeed47d1ce1048f0a0b58b;Early <b>Remdesivir</b> Data for Covid-19 Is Finally Here;2020-04-30T15:09:38;;;;;;;;;;;;;;;;;;;;;;;;;;;;;;;;;;;;;;;;;;;;;;;;;;;
5eaeed47d1ce1048f0a0b58a;Sloan Doc: <b>Remdesivir</b> 'Mediocre Treatment' for Coronavirus;2020-04-30T15:10:46;;;;;;;;;;;;;;;;;;;;;;;;;;;;;;;;;;;;;;;;;;;;;;;;;;;
5eaeed47d1ce1048f0a0b589;Gilead to be challenged to meet demand for <b>remdesivir</b> (NASDAQ:GILD);2020-04-30T15:17:17;;;;;;;;;;;;;;;;;;;;;;;;;;;;;;;;;;;;;;;;;;;;;;;;;;;
5eaeed47d1ce1048f0a0b588;FDA expected to quickly approve experimental coronavirus drug <b>Remdesivir</b>: U.S. official;2020-04-30T15:24:44;;;;;;;;;;;;;;;;;;;;;;;;;;;;;;;;;;;;;;;;;;;;;;;;;;;
5eaeed47d1ce1048f0a0b587;Treatment For Coronavirus? <b>Remdesivir</b> Was Tested;2020-04-30T15:29:46;;;;;;;;;;;;;;;;;;;;;;;;;;;;;;;;;;;;;;;;;;;;;;;;;;;
5eaeed47d1ce1048f0a0b586;COVID-19: Antiviral Drug <b>Remdesivir</b> Looks Promising  Newsom Expected To Close All Beaches;2020-04-30T16:29:50;;;;;;;;;;;;;;;;;;;;;;;;;;;;;;;;;;;;;;;;;;;;;;;;;;;
5eaeed47d1ce1048f0a0b585;"Coronavirus patient in <b>remdesivir</b> drug trial says he left hospital ""improving drastically""";2020-04-30T16:46:11;;;;;;;;;;;;;;;;;;;;;;;;;;;;;;;;;;;;;;;;;;;;;;;;;;;
5eaeed47d1ce1048f0a0b584;Dr.Fauci: <b>Remdesivir</b> is 'very important first step' in treating COVID-19;2020-04-30T17:14:04;;;;;;;;;;;;;;;;;;;;;;;;;;;;;;;;;;;;;;;;;;;;;;;;;;;
5eaeed47d1ce1048f0a0b583;Gout medication eyed as possible coronavirus treatment by researchers;2020-04-30T17:35:04;;;;;;;;;;;;;;;;;;;;;;;;;;;;;;;;;;;;;;;;;;;;;;;;;;;
5eaeed47d1ce1048f0a0b582;Ebola drug <b>remdesivir</b> 'could speed up coronavirus recovery4-30T18:16:135eaeed47d1ce1048f0a0b57e;Covid 19 coronavirus: US jobless claims soar past 30 million  Europe reeling also;2020-04-30T18:36:385eaeed47d1ce1048f0a0b57c;<b>Remdesivir</b> shown to help COVID-19 patients  Florida Courier;2020-04-30T18:42:265eaeed47d1ce1048f0a0b57b;Ebola drug <b>remdesivir</b> leads race for effective Covid-19 treatment;2020-04-30T19:30:005eaeed47d1ce1048f0a0b57a;<b>Remdesivir</b>: The Covid-19 drug helping patients recover faster;2020-04-30T20:00:005eaeed47d1ce1048f0a0b579;FDA Moving at 'Lightning Speed' on Gilead Drug  Hahn Says;2020-04-30T20:00:455eaeed47d1ce1048f0a0b578;A coronavirus drug that helps  why researchers are excited about <b>remdesivir</b> and what caveats remain;2020-04-30T20:04:085eaeed47d1ce1048f0a0b577;<b>Remdesivir</b>  with evidence of helping Covid-19 patients in US recommended for trials in Karnataka;2020-04-30T20:18:245eaeed47d1ce1048f0a0b576;EU drugs agency evaluates potential coronavirus treatment;2020-04-30T20:28:385eaeed47d1ce1048f0a0b575;Gilead aims to expand <b>remdesivir</b> output for COVID-19  posts flat 1st-quarter results;2020-04-30T20:51:425eaeed47d1ce1048f0a0b574;Could <b>remdesivir</b> be a game-changer for COVID patients? Experts say wait for data;2020-04-30T21:11:005eaeed47d1ce1048f0a0b573;<b>Remdesivir</b> results promising in Medical Center clinical trial  : NewsCenter;2020-04-30T21:42:295eaeed47d1ce1048f0a0b572;A Coronavirus Drug Seems to Work. Whats Next?  NBC 5 Dallas-Fort Worth;2020-04-30T22:14:545eaeed47d1ce1048f0a0b571;Gilead to Expand Manufacturing of Covid-19 Drug <b>Remdesivir</b>;2020-04-30T22:21:005eaeed47d1ce1048f0a0b570;Doctor calls promising new drug <b>remdesivir</b> 'ray of hope' for COVID-19 workers on front-lines;2020-04-30T22:21:265eaeed47d1ce1048f0a0b56f;Gilead can make enough <b>remdesivir</b> to treat 'several million' next year;2020-04-30T22:25:495eaeed47d1ce1048f0a0b56e;Gilead CEO on <b>remdesivir</b>: manufacturing  pricing for coronavirus drug;2020-04-30T22:30:005eaeed47d1ce1048f0a0b56d;Coronavirus treatments: <b>Remdesivir</b>  hydroxychloroquine and vaccines for COVID-19;2020-04-30T22:35:005eaeed47d1ce1048f0a0b56c;Gilead's coronavirus drug <b>remdesivir</b>: What to know about the experimental treatment;2020-04-30T23:00:425eaeed47d1ce1048f0a0b56b;Gilead expects to spend up to $1 billion on coronavirus drug this year  will donate 1.5 million vials;2020-04-30T23:08:005eaeed47d1ce1048f0a0b56a;Drug proved effective against coronavirus being tested at Massachusetts hospitals;2020-04-30T23:22:295eaeed47d1ce1048f0a0b569;What is <b>remdesivir</b> and what's all the fuss about?;2020-04-30T23:28:005eaeed47d1ce1048f0a0b568;Penn  Temple Doctors Encouraged by <b>Remdesivir</b>  the Experimental Coronavirus Treatment  NBC10 Philadelphia;2020-04-30T23:30:165eaeed47d1ce1048f0a0b567;Coronavirus treatment drug <b>Remdesivir</b>: What you need to know;2020-04-30T23:39:095eaeed47d1ce1048f0a0b566;Evolutionary virologist available to discuss how basic research leads to antiviral treatments like <b>Remdesivir</b>;2020-04-30T23:50:165eaeed47d1ce1048f0a0b565;What is contact tracing?;2020-05-01T00:00:005eaeed47d1ce1048f0a0b564;<b>Remdesivir</b>: A Non-Antiviral Antiviral Drug?;2020-05-01T00:00:00